SMILES,Name,Cluster
CCC(=O)/N=C1\S[C@H]2CS(=O)(=O)C[C@@H]2N1c1ccc(Br)cc1,16741133,14
Cc1ccc(Cl)cc1N1/C(=N\C(=O)CCC(=O)O)S[C@H]2CS(=O)(=O)C[C@@H]21,101303273,1
CCCCC(=O)/N=C1/S[C@H]2CS(=O)(=O)C[C@@H]2N1c1cc(OC)ccc1OC,32504126,20
CCN(CC)c1ccc(N2/C(=N\C(=O)CC#N)S[C@H]3CS(=O)(=O)C[C@H]32)c(C)c1,101319242,16
CC[C@H](C)C(=O)/N=C1/S[C@H]2CS(=O)(=O)C[C@H]2N1c1ccc(OC)cc1OC,36638719,20
CCCCOc1cccc(N2/C(=N\C(=O)CC#N)S[C@@H]3CS(=O)(=O)C[C@H]32)c1,101310486,16
CC(=O)/N=C1\S[C@H]2CS(=O)(=O)C[C@@H]2N1c1ccc(Br)c(C)c1,16741027,14
CC[C@@H](C)C(=O)/N=C1/S[C@H]2CS(=O)(=O)C[C@@H]2N1c1cc(OC)ccc1OC,32504190,20
O=C(O)CCCC(=O)/N=C1/S[C@@H]2CS(=O)(=O)C[C@@H]2N1c1cccc(Cl)c1,101300893,7
Cc1cccc(C)c1N1/C(=N\C(=O)CCCC(=O)O)S[C@@H]2CS(=O)(=O)C[C@H]21,101309903,7
COCC(=O)/N=C1/S[C@@H]2CS(=O)(=O)C[C@H]2N1c1cc(Cl)ccc1Cl,101315917,22
CC(=O)/N=C1/S[C@@H]2CS(=O)(=O)C[C@@H]2N1c1ccc(Br)cc1F,101061331,14
O=C(/N=C1\S[C@H]2CS(=O)(=O)C[C@H]2N1c1cccc(Cl)c1)[C@@H]1CCCO1,17967322,14
CCN(CC)c1ccc(N2/C(=N\C(=O)CC#N)S[C@@H]3CS(=O)(=O)C[C@H]32)c(C)c1,101319244,16
CCC(CC)C(=O)/N=C1/S[C@H]2CS(=O)(=O)C[C@@H]2N1c1ccc2c(c1)OCO2,101318032,18
O=C(/N=C1/S[C@@H]2CS(=O)(=O)C[C@@H]2N1c1ccc(Br)cc1)C1CC1,101075781,14
COc1ccc(N2/C(=N\C(=O)C3CC3)S[C@@H]3CS(=O)(=O)C[C@@H]32)cc1Cl,101316302,14
Cc1cccc(C)c1N1/C(=N\C(=O)CCCC(=O)O)S[C@H]2CS(=O)(=O)C[C@@H]21,101309902,7
CC[C@H](C)C(=O)/N=C1/S[C@@H]2CS(=O)(=O)C[C@H]2N1c1cc(OC)ccc1OC,245228920,20
N#CCC(=O)/N=C1/S[C@@H]2CS(=O)(=O)C[C@@H]2N1c1ccc(OC(F)(F)F)cc1,101315701,16
CCCCC(=O)/N=C1/S[C@H]2CS(=O)(=O)C[C@H]2N1c1cc(OC)ccc1OC,32504130,20
N#CCC(=O)/N=C1/S[C@H]2CS(=O)(=O)C[C@@H]2N1c1ccccc1C(F)(F)F,101308474,16
COCC(=O)/N=C1/S[C@@H]2CS(=O)(=O)C[C@@H]2N1c1cc(Cl)ccc1Cl,101315918,22
Cc1cccc(N2/C(=N\C(=O)CCCC(=O)O)S[C@H]3CS(=O)(=O)C[C@H]32)c1C,101310643,7
COCC(=O)/N=C1/S[C@@H]2CS(=O)(=O)C[C@@H]2N1c1c(Cl)cccc1Cl,101303829,22
CC(=O)/N=C1\S[C@H]2CS(=O)(=O)C[C@H]2N1c1ccc(Br)c(C)c1,16741029,14
COc1ccc(OC)c(N2/C(=N\C(=O)C(C)(C)C)S[C@H]3CS(=O)(=O)C[C@@H]32)c1,32504110,20
Cc1ccc(N2/C(=N\C(=O)CCCC(=O)O)S[C@H]3CS(=O)(=O)C[C@H]32)cc1C,101318111,7
Cc1ccc(C)c(N2/C(=N\C(=O)CCCC(=O)O)S[C@H]3CS(=O)(=O)C[C@@H]32)c1,101312907,7
COCC(=O)/N=C1/S[C@H]2CS(=O)(=O)C[C@@H]2N1c1cc(Cl)ccc1Cl,101315915,22
COc1ccc(N2/C(=N\C(=O)C(C)(C)C)S[C@@H]3CS(=O)(=O)C[C@H]32)c(OC)c1,32506933,20
COc1ccc(OC)c(N2/C(=N\C(=O)CC(C)C)S[C@H]3CS(=O)(=O)C[C@H]32)c1,101304571,20
CCC(=O)/N=C1/S[C@@H]2CS(=O)(=O)C[C@H]2N1c1cccc(Br)c1,32634578,14
CCc1cccc(CC)c1N1/C(=N\C(=O)CCC(=O)O)S[C@H]2CS(=O)(=O)C[C@H]21,101316998,1
Cc1cccc(N2/C(=N\C(=O)CCCC(=O)O)S[C@H]3CS(=O)(=O)C[C@@H]32)c1C,101310645,7
CC[C@H](C)C(=O)/N=C1/S[C@@H]2CS(=O)(=O)C[C@H]2N1c1ccc(OC)cc1OC,245228985,20
COc1ccc(OC)c(N2/C(=N\C(=O)CC(C)C)S[C@H]3CS(=O)(=O)C[C@@H]32)c1,101304575,20
CCCCC(=O)/N=C1/S[C@@H]2CS(=O)(=O)C[C@@H]2N1c1ccc(OC)cc1OC,32506939,20
CCC(=O)/N=C1\S[C@@H]2CS(=O)(=O)C[C@H]2N1c1ccc(Br)cc1,16741134,14
CC[C@H](C)C(=O)/N=C1/S[C@H]2CS(=O)(=O)C[C@H]2N1c1cc(OC)ccc1OC,36638580,20
N#CCC(=O)/N=C1/S[C@@H]2CS(=O)(=O)C[C@H]2N1c1ccccc1C(F)(F)F,101308479,16
COc1ccc(N2/C(=N\C(=O)CC(C)C)S[C@H]3CS(=O)(=O)C[C@H]32)c(OC)c1,5341734,20
O=C(O)CCCC(=O)/N=C1/S[C@H]2CS(=O)(=O)C[C@@H]2N1c1ccccc1Cl,101299095,7
N#CCC(=O)/N=C1/S[C@@H]2CS(=O)(=O)C[C@H]2N1c1ccc(OC(F)(F)F)cc1,101315700,16
O=C(/N=C1\S[C@H]2CS(=O)(=O)C[C@H]2N1c1ccc(Cl)cc1)[C@@H]1CCCO1,15894436,14
Cc1ccc(N2/C(=N\C(=O)CCCC(=O)O)S[C@@H]3CS(=O)(=O)C[C@H]32)cc1C,101318118,7
O=C(O)CCCC(=O)/N=C1/S[C@H]2CS(=O)(=O)C[C@H]2N1c1ccccc1Cl,101299091,7
CCC(=O)/N=C1/S[C@@H]2CS(=O)(=O)C[C@@H]2N1c1cccc(Br)c1,32634576,14
CC(C)c1ccccc1N1/C(=N\C(=O)CCC(=O)O)S[C@@H]2CS(=O)(=O)C[C@H]21,101316580,1
COCC(=O)/N=C1/S[C@@H]2CS(=O)(=O)C[C@H]2N1c1c(Cl)cccc1Cl,101303825,22
COc1ccc(N2/C(=N\C(=O)C(C)(C)C)S[C@@H]3CS(=O)(=O)C[C@@H]32)c(OC)c1,101312609,20
CC[C@@H](C)C(=O)/N=C1/S[C@H]2CS(=O)(=O)C[C@@H]2N1c1ccc(OC)cc1OC,32507002,20
O=C(/N=C1/S[C@@H]2CS(=O)(=O)C[C@@H]2N1c1cccc(Br)c1)C1CC1,101104076,14
CCC(=O)/N=C1/S[C@H]2CS(=O)(=O)C[C@@H]2N1c1cccc(Br)c1,32634577,14
CCN(CC)c1ccc(N2/C(=N\C(=O)CC#N)S[C@H]3CS(=O)(=O)C[C@H]32)cc1,101301367,16
COCC(=O)/N=C1/S[C@H]2CS(=O)(=O)C[C@@H]2N1c1ccc(Cl)cc1Cl,101308830,22
COCC(=O)/N=C1/S[C@@H]2CS(=O)(=O)C[C@@H]2N1c1ccc(Cl)cc1Cl,101308837,22
CCN(CC)c1ccc(N2/C(=N\C(=O)CC#N)S[C@@H]3CS(=O)(=O)C[C@H]32)cc1,101301371,16
Cc1ccc(Cl)cc1N1/C(=N\C(=O)CCC(=O)O)S[C@@H]2CS(=O)(=O)C[C@@H]21,101303281,1
O=C(O)CCCC(=O)/N=C1/S[C@@H]2CS(=O)(=O)C[C@@H]2N1c1ccccc1Cl,101299104,7
COc1ccc(N2/C(=N\C(=O)C3CC3)S[C@H]3CS(=O)(=O)C[C@@H]32)cc1Cl,101316300,14
O=C(/N=C1\S[C@H]2CS(=O)(=O)C[C@@H]2N1c1cccc(Cl)c1)[C@H]1CCCO1,105349850,14
O=C(/N=C1/S[C@H]2CS(=O)(=O)C[C@H]2N1c1cccc(Br)c1)C1CC1,101104071,14
CCN(CC)c1ccc(N2/C(=N\C(=O)CC#N)S[C@H]3CS(=O)(=O)C[C@@H]32)c(C)c1,101319243,16
COCC(=O)/N=C1/S[C@H]2CS(=O)(=O)C[C@H]2N1c1ccc(Cl)cc1Cl,101308826,22
O=C(/N=C1\S[C@H]2CS(=O)(=O)C[C@@H]2N1c1cccc(Cl)c1)[C@@H]1CCCO1,15894449,14
CCN(CC)c1ccc(N2/C(=N\C(=O)CC#N)S[C@@H]3CS(=O)(=O)C[C@@H]32)c(C)c1,101319245,16
CCc1cccc(CC)c1N1/C(=N\C(=O)CCC(=O)O)S[C@@H]2CS(=O)(=O)C[C@@H]21,101317005,1
O=C(COc1ccccc1)/N=C1/S[C@@H]2CS(=O)(=O)C[C@@H]2N1c1ccccc1,101310876,16
COc1ccc(N2/C(=N\C(=O)C3CC3)S[C@@H]3CS(=O)(=O)C[C@H]32)cc1Cl,101316301,14
O=C(COc1ccccc1)/N=C1/S[C@H]2CS(=O)(=O)C[C@H]2N1c1ccccc1,5302785,16
N#CCC(=O)/N=C1/S[C@H]2CS(=O)(=O)C[C@@H]2N1c1cccc(C(F)(F)F)c1,101311449,16
CCC(CC)C(=O)/N=C1/S[C@@H]2CS(=O)(=O)C[C@H]2N1c1ccc2c(c1)OCO2,101318033,18
N#CCC(=O)/N=C1/S[C@@H]2CS(=O)(=O)C[C@@H]2N1c1cccc(C(F)(F)F)c1,101311452,16
CC(C)c1ccc(N2/C(=N\C(=O)CCC(=O)O)S[C@H]3CS(=O)(=O)C[C@H]32)cc1,101302219,1
CCc1cccc(CC)c1N1/C(=N\C(=O)CCC(=O)O)S[C@H]2CS(=O)(=O)C[C@@H]21,101317000,1
Cc1ccc(C)c(N2/C(=N\C(=O)CCCC(=O)O)S[C@@H]3CS(=O)(=O)C[C@@H]32)c1,101312911,7
CC(C)c1ccccc1N1/C(=N\C(=O)CCC(=O)O)S[C@H]2CS(=O)(=O)C[C@@H]21,101316579,1
O=C(COc1ccccc1)/N=C1/S[C@H]2CS(=O)(=O)C[C@@H]2N1c1ccccc1,15894463,16
O=C(COc1ccccc1)/N=C1/S[C@@H]2CS(=O)(=O)C[C@H]2N1c1ccccc1,101310875,16
Cc1cc(C)cc(N2/C(=N\C(=O)CCCC(=O)O)S[C@@H]3CS(=O)(=O)C[C@H]32)c1,101309336,7
CC[C@@H](C)C(=O)/N=C1\S[C@@H]2CS(=O)(=O)C[C@@H]2N1c1ccc2c(c1)OCCO2,105349055,18
COc1ccc(OC)c(N2/C(=N\C(=O)CC(C)C)S[C@@H]3CS(=O)(=O)C[C@@H]32)c1,101304581,20
N#CCC(=O)/N=C1/S[C@H]2CS(=O)(=O)C[C@H]2N1c1ccc(OC(F)(F)F)cc1,101315693,16
N#CCC(=O)/N=C1/S[C@@H]2CS(=O)(=O)C[C@@H]2N1c1ccccc1C(F)(F)F,101308481,16
COc1ccc(N2/C(=N\C(=O)C(C)(C)C)S[C@H]3CS(=O)(=O)C[C@@H]32)c(OC)c1,32506931,20
CC[C@H](C)C(=O)/N=C1/S[C@@H]2CS(=O)(=O)C[C@@H]2N1c1ccc(OC)cc1OC,32507001,20
O=C(/N=C1\S[C@H]2CS(=O)(=O)C[C@@H]2N1c1ccc(Cl)cc1)[C@@H]1CCCO1,17721023,14
CCCCOc1cccc(N2/C(=N\C(=O)CC#N)S[C@H]3CS(=O)(=O)C[C@H]32)c1,101310482,16
CCC(CC)C(=O)/N=C1/S[C@H]2CS(=O)(=O)C[C@H]2N1c1ccc2c(c1)OCO2,101318031,18
COc1ccc(OC)c(N2/C(=N\C(=O)C(C)(C)C)S[C@@H]3CS(=O)(=O)C[C@@H]32)c1,32504114,20
N#CCC(=O)/N=C1/S[C@H]2CS(=O)(=O)C[C@H]2N1c1ccccc1C(F)(F)F,101308470,16
COc1ccc(OC)c(N2/C(=N\C(=O)C(C)(C)C)S[C@H]3CS(=O)(=O)C[C@H]32)c1,32504108,20
COc1ccc(N2/C(=N\C(=O)CC(C)C)S[C@@H]3CS(=O)(=O)C[C@H]32)c(OC)c1,101312725,20
CCCCOc1cccc(N2/C(=N\C(=O)CC#N)S[C@@H]3CS(=O)(=O)C[C@@H]32)c1,101310489,16
CCCCOc1cccc(N2/C(=N\C(=O)COC)S[C@H]3CS(=O)(=O)C[C@@H]32)c1,101310529,22
CC(C)c1ccc(N2/C(=N\C(=O)CCC(=O)O)S[C@@H]3CS(=O)(=O)C[C@H]32)cc1,101302226,1
COCC(=O)/N=C1/S[C@H]2CS(=O)(=O)C[C@H]2N1c1c(Cl)cccc1Cl,101303817,22
CCCCOc1cccc(N2/C(=N\C(=O)CC#N)S[C@H]3CS(=O)(=O)C[C@@H]32)c1,101310484,16
CC(C)c1ccc(N2/C(=N\C(=O)CCC(=O)O)S[C@@H]3CS(=O)(=O)C[C@@H]32)cc1,101302232,1
Cc1ccc(Cl)cc1N1/C(=N\C(=O)CCC(=O)O)S[C@H]2CS(=O)(=O)C[C@H]21,101303266,1
CCCCOc1cccc(N2/C(=N\C(=O)COC)S[C@@H]3CS(=O)(=O)C[C@@H]32)c1,101310532,22
Cc1cccc(N2/C(=N\C(=O)CCCC(=O)O)S[C@@H]3CS(=O)(=O)C[C@@H]32)c1C,101310649,7
O=C(/N=C1/S[C@H]2CS(=O)(=O)C[C@H]2N1c1ccc(Br)cc1)C1CC1,101075776,14
O=C(O)CCCC(=O)/N=C1/S[C@H]2CS(=O)(=O)C[C@H]2N1c1cccc(Cl)c1,101300889,7
Cc1ccc(N2/C(=N\C(=O)CCCC(=O)O)S[C@@H]3CS(=O)(=O)C[C@@H]32)cc1C,101318119,7
CCN(CC)c1ccc(N2/C(=N\C(=O)CC#N)S[C@H]3CS(=O)(=O)C[C@@H]32)cc1,101301368,16
COc1ccc(OC)c(N2/C(=N\C(=O)C(C)(C)C)S[C@@H]3CS(=O)(=O)C[C@H]32)c1,32504112,20
CCc1cccc(CC)c1N1/C(=N\C(=O)CCC(=O)O)S[C@@H]2CS(=O)(=O)C[C@H]21,101317003,1
Cc1ccc(N2/C(=N\C(=O)CCCC(=O)O)S[C@H]3CS(=O)(=O)C[C@@H]32)cc1C,101318114,7
CC(=O)/N=C1\S[C@@H]2CS(=O)(=O)C[C@H]2N1c1ccc(Br)c(C)c1,16741028,14
CCN(CC)c1ccc(N2/C(=N\C(=O)CC#N)S[C@@H]3CS(=O)(=O)C[C@@H]32)cc1,101301376,16
CCC(=O)/N=C1/S[C@H]2CS(=O)(=O)C[C@H]2N1c1cccc(Br)c1,32634579,14
COc1ccc(N2/C(=N\C(=O)CC(C)C)S[C@@H]3CS(=O)(=O)C[C@@H]32)c(OC)c1,101312727,20
Cc1cc(C)cc(N2/C(=N\C(=O)CCCC(=O)O)S[C@@H]3CS(=O)(=O)C[C@@H]32)c1,101309337,7
CC[C@H](C)C(=O)/N=C1/S[C@@H]2CS(=O)(=O)C[C@@H]2N1c1cc(OC)ccc1OC,32504188,20
CC[C@@H](C)C(=O)/N=C1/S[C@H]2CS(=O)(=O)C[C@H]2N1c1ccc(OC)cc1OC,36638717,20
Cc1ccc(Cl)cc1N1/C(=N\C(=O)CCC(=O)O)S[C@@H]2CS(=O)(=O)C[C@H]21,101303278,1
N#CCC(=O)/N=C1/S[C@H]2CS(=O)(=O)C[C@@H]2N1c1ccc(OC(F)(F)F)cc1,101315697,16
COCC(=O)/N=C1/S[C@H]2CS(=O)(=O)C[C@@H]2N1c1c(Cl)cccc1Cl,101303821,22
COc1ccc(N2/C(=N\C(=O)C(C)(C)C)S[C@H]3CS(=O)(=O)C[C@H]32)c(OC)c1,32506929,20
Cc1cc(C)cc(N2/C(=N\C(=O)CCCC(=O)O)S[C@H]3CS(=O)(=O)C[C@H]32)c1,101309334,7
Cc1cccc(N2/C(=N\C(=O)CCCC(=O)O)S[C@@H]3CS(=O)(=O)C[C@H]32)c1C,101310647,7
CCCCC(=O)/N=C1/S[C@H]2CS(=O)(=O)C[C@H]2N1c1ccc(OC)cc1OC,32506943,20
CCC(=O)/N=C1\S[C@H]2CS(=O)(=O)C[C@H]2N1c1ccc(Br)cc1,16741135,14
Cc1ccc(C)c(N2/C(=N\C(=O)CCCC(=O)O)S[C@@H]3CS(=O)(=O)C[C@H]32)c1,101312909,7
Cc1cccc(C)c1N1/C(=N\C(=O)CCCC(=O)O)S[C@@H]2CS(=O)(=O)C[C@@H]21,101309906,7
CCCCC(=O)/N=C1/S[C@@H]2CS(=O)(=O)C[C@@H]2N1c1cc(OC)ccc1OC,32504124,20
CCC(CC)C(=O)/N=C1/S[C@@H]2CS(=O)(=O)C[C@@H]2N1c1ccc2c(c1)OCO2,101318034,18
CC[C@@H](C)C(=O)/N=C1/S[C@H]2CS(=O)(=O)C[C@H]2N1c1cc(OC)ccc1OC,36638578,20
Cc1cc(C)cc(N2/C(=N\C(=O)CCCC(=O)O)S[C@H]3CS(=O)(=O)C[C@@H]32)c1,101309335,7
CC(C)c1ccccc1N1/C(=N\C(=O)CCC(=O)O)S[C@H]2CS(=O)(=O)C[C@H]21,101316578,1
O=C(O)CCCC(=O)/N=C1/S[C@@H]2CS(=O)(=O)C[C@H]2N1c1ccccc1Cl,101299099,7
O=C(O)CCCC(=O)/N=C1/S[C@H]2CS(=O)(=O)C[C@@H]2N1c1cccc(Cl)c1,101300891,7
CC(C)c1ccccc1N1/C(=N\C(=O)CCC(=O)O)S[C@@H]2CS(=O)(=O)C[C@@H]21,101316582,1
CC[C@H](C)C(=O)/N=C1/S[C@H]2CS(=O)(=O)C[C@@H]2N1c1ccc(OC)cc1OC,32507004,20
CC(=O)/N=C1/S[C@H]2CS(=O)(=O)C[C@H]2N1c1ccc(Br)cc1F,101061327,14
CCCCC(=O)/N=C1/S[C@H]2CS(=O)(=O)C[C@@H]2N1c1ccc(OC)cc1OC,32506940,20
CC(C)c1ccc(N2/C(=N\C(=O)CCC(=O)O)S[C@H]3CS(=O)(=O)C[C@@H]32)cc1,101302222,1
N#CCC(=O)/N=C1/S[C@@H]2CS(=O)(=O)C[C@H]2N1c1cccc(C(F)(F)F)c1,101311451,16
O=C(/N=C1/S[C@H]2CS(=O)(=O)C[C@@H]2N1c1cccc(Br)c1)C1CC1,101104072,14
CC(=O)/N=C1/S[C@@H]2CS(=O)(=O)C[C@H]2N1c1ccc(Br)cc1F,101061330,14
N#CCC(=O)/N=C1/S[C@H]2CS(=O)(=O)C[C@H]2N1c1cccc(C(F)(F)F)c1,101311445,16
COCC(=O)/N=C1/S[C@H]2CS(=O)(=O)C[C@H]2N1c1cc(Cl)ccc1Cl,101315913,22
CC(=O)/N=C1/S[C@H]2CS(=O)(=O)C[C@@H]2N1c1ccc(Br)cc1F,101061329,14
COCC(=O)/N=C1/S[C@@H]2CS(=O)(=O)C[C@H]2N1c1ccc(Cl)cc1Cl,101308834,22
O=C(O)CCCC(=O)/N=C1/S[C@@H]2CS(=O)(=O)C[C@H]2N1c1cccc(Cl)c1,101300892,7
Cc1cccc(C)c1N1/C(=N\C(=O)CCCC(=O)O)S[C@H]2CS(=O)(=O)C[C@H]21,101309900,7
CC[C@@H](C)C(=O)/N=C1\S[C@H]2CS(=O)(=O)C[C@@H]2N1c1ccc2c(c1)OCCO2,5267305,18
CC[C@H](C)C(=O)/N=C1/S[C@H]2CS(=O)(=O)C[C@@H]2N1c1cc(OC)ccc1OC,32504192,20
CCCCC(=O)/N=C1/S[C@@H]2CS(=O)(=O)C[C@H]2N1c1cc(OC)ccc1OC,32504128,20
COc1ccc(N2/C(=N\C(=O)C3CC3)S[C@H]3CS(=O)(=O)C[C@H]32)cc1Cl,101316299,14
CCCCOc1cccc(N2/C(=N\C(=O)COC)S[C@H]3CS(=O)(=O)C[C@H]32)c1,101310526,22
COc1ccc(N2/C(=N\C(=O)CC(C)C)S[C@H]3CS(=O)(=O)C[C@@H]32)c(OC)c1,5341735,20
O=C(/N=C1/S[C@H]2CS(=O)(=O)C[C@@H]2N1c1ccc(Br)cc1)C1CC1,101075778,14
CCCCOc1cccc(N2/C(=N\C(=O)COC)S[C@@H]3CS(=O)(=O)C[C@H]32)c1,101310530,22
COc1ccc(OC)c(N2/C(=N\C(=O)CC(C)C)S[C@@H]3CS(=O)(=O)C[C@H]32)c1,101304577,20
CCCCC(=O)/N=C1/S[C@@H]2CS(=O)(=O)C[C@H]2N1c1ccc(OC)cc1OC,32506942,20
O=C(/N=C1/S[C@@H]2CS(=O)(=O)C[C@H]2N1c1cccc(Br)c1)C1CC1,101104075,14
CC[C@@H](C)C(=O)/N=C1\S[C@H]2CS(=O)(=O)C[C@H]2N1c1ccc2c(c1)OCCO2,5267300,18
O=C(/N=C1/S[C@@H]2CS(=O)(=O)C[C@H]2N1c1ccc(Br)cc1)C1CC1,101075779,14
O=C(/N=C1\S[C@H]2CS(=O)(=O)C[C@@H]2N1c1ccc(Cl)cc1)[C@H]1CCCO1,105350032,14
Cc1ccc(C)c(N2/C(=N\C(=O)CCCC(=O)O)S[C@H]3CS(=O)(=O)C[C@H]32)c1,101312903,7
O=C(O)CCCC(=O)/N=C1\S[C@H]2CS(=O)(=O)C[C@@H]2N1c1cccc(Cl)c1,5489342,7
O=C(COc1ccccc1)/N=C1\S[C@H]2CS(=O)(=O)C[C@H]2N1c1ccccc1,95915227,16
CCN(CC)c1ccc(N2/C(=N/C(=O)CC#N)S[C@@H]3CS(=O)(=O)C[C@H]32)cc1,6659764,16
COc1ccc(OC)c(N2/C(=N/C(=O)CC(C)C)S[C@@H]3CS(=O)(=O)C[C@H]32)c1,5377396,20
O=C(COc1ccccc1)/N=C1\S[C@@H]2CS(=O)(=O)C[C@H]2N1c1ccccc1,5302799,16
Cc1cc(C)c(N2/C(=N/C(=O)CCCC(=O)O)S[C@@H]3CS(=O)(=O)C[C@@H]32)c(C)c1,6498697,7
O=C(/N=C1\S[C@H]2CS(=O)(=O)C[C@H]2N1c1ccc(Br)cc1)C1CC1,8994067,14
Cc1ccc(Cl)cc1N1/C(=N/C(=O)CCC(=O)O)S[C@@H]2CS(=O)(=O)C[C@@H]21,5516513,1
COCC(=O)/N=C1/S[C@@H]2CS(=O)(=O)C[C@@H]2N1c1ccc(Cl)c(Cl)c1,101314497,22
CC(C)(C)CC(=O)/N=C1\S[C@@H]2CS(=O)(=O)C[C@@H]2N1c1ccc2c(c1)OCO2,5345036,18
COCC(=O)/N=C1\S[C@@H]2CS(=O)(=O)C[C@H]2N1c1cc(Cl)cc(Cl)c1,5323577,22
CCC(CC)C(=O)/N=C1\S[C@@H]2CS(=O)(=O)C[C@H]2N1c1ccc2c(c1)OCCO2,9242781,18
CCC(CC)C(=O)/N=C1\S[C@@H]2CS(=O)(=O)C[C@@H]2N1c1ccc2c(c1)OCCO2,9243812,18
Cc1cc(C)c(N2/C(=N/C(=O)CCCC(=O)O)S[C@H]3CS(=O)(=O)C[C@@H]32)c(C)c1,13115544,7
COCC(=O)/N=C1\S[C@H]2CS(=O)(=O)C[C@@H]2N1c1c(Cl)cccc1Cl,6658849,22
O=C(/N=C1\S[C@H]2CS(=O)(=O)C[C@H]2N1c1cccc(Br)c1)C1CC1,8995186,14
N#CCC(=O)/N=C1\S[C@@H]2CS(=O)(=O)C[C@@H]2N1c1ccc(OC(F)(F)F)cc1,9450550,16
COCC(=O)/N=C1\S[C@@H]2CS(=O)(=O)C[C@H]2N1c1cccc(Cl)c1Cl,5322574,22
CCC(CC)C(=O)/N=C1\S[C@@H]2CS(=O)(=O)C[C@@H]2N1c1ccc2c(c1)OCO2,5377355,18
CC(C)(C)CC(=O)/N=C1\S[C@H]2CS(=O)(=O)C[C@@H]2N1c1ccc2c(c1)OCCO2,8974917,18
O=C(O)CCCC(=O)/N=C1\S[C@@H]2CS(=O)(=O)C[C@H]2N1c1ccc(Cl)cc1,5516375,7
CCCCOc1cccc(N2/C(=N/C(=O)CC#N)S[C@H]3CS(=O)(=O)C[C@@H]32)c1,8993491,16
Cc1cc(C)cc(N2/C(=N/C(=O)CCCC(=O)O)S[C@H]3CS(=O)(=O)C[C@@H]32)c1,5489067,7
COCC(=O)/N=C1/S[C@H]2CS(=O)(=O)C[C@@H]2N1c1cccc(Cl)c1Cl,95481046,22
O=C(/N=C1\S[C@@H]2CS(=O)(=O)C[C@@H]2N1c1ccc(Cl)cc1)[C@H]1CCCO1,105350037,14
Cc1ccc(N2/C(=N/C(=O)CCCC(=O)O)S[C@@H]3CS(=O)(=O)C[C@@H]32)cc1C,5516533,7
O=C(COc1ccccc1)/N=C1\S[C@@H]2CS(=O)(=O)C[C@@H]2N1c1ccccc1,15894462,16
CCN(CC)c1ccc(N2/C(=N/C(=O)CC#N)S[C@@H]3CS(=O)(=O)C[C@@H]32)cc1,6659765,16
COc1ccc(N2/C(=N/C(=O)C3CC3)S[C@@H]3CS(=O)(=O)C[C@H]32)cc1Cl,6660122,14
Cc1cccc(N2/C(=N/C(=O)CCCC(=O)O)S[C@@H]3CS(=O)(=O)C[C@@H]32)c1C,5341656,7
Cc1ccc(C)c(N2/C(=N/C(=O)CCCC(=O)O)S[C@H]3CS(=O)(=O)C[C@@H]32)c1,5488655,7
COCC(=O)/N=C1/S[C@H]2CS(=O)(=O)C[C@H]2N1c1cc(Cl)cc(Cl)c1,102611682,22
O=C(COc1ccccc1)/N=C1\S[C@H]2CS(=O)(=O)C[C@@H]2N1c1ccccc1,95915228,16
CC[C@H](C)C(=O)/N=C1/S[C@@H]2CS(=O)(=O)C[C@H]2N1c1ccc2c(c1)OCCO2,245324842,18
C=C[C@@H]1[C@@H](O[C@H]2O[C@@H](CO)[C@@H](O)[C@@H](O)[C@H]2O)OC=C(C(=O)O)[C@@H]1CC(=O)O,34235761,13
COC(=O)C1=CO[C@@H](O[C@@H]2O[C@H](CO)[C@H](O)[C@H](O)[C@@H]2O)[C@H]2[C@@H]1C[C@H](O)[C@@H]2C,4104828,10
COC(=O)C1=CO[C@H](O[C@@H]2O[C@H](CO)[C@@H](O)[C@H](O)[C@H]2O)[C@@H]2[C@H](C)C(=O)C[C@@H]12,67912736,10
COC(=O)C1=CO[C@H](O[C@H]2O[C@H](CO)[C@H](O)[C@H](O)[C@H]2O)[C@H]2[C@H](C)CC(=O)[C@@H]12,106754598,8
COC(=O)C1=CO[C@H](O[C@@H]2O[C@H](CO)[C@@H](O)[C@H](O)[C@H]2O)[C@@H]2[C@@H]1C[C@@H](O)[C@@H]2C,103214651,10
COC(=O)C1=CO[C@@H](O[C@@H]2O[C@H](CO)[C@@H](O)[C@H](O)[C@H]2O)[C@H]2[C@H]1CC[C@]2(C)O,34166788,10
C[C@@H]1[C@H](O)C[C@H]2C(C(=O)O)=CO[C@H](O[C@H]3O[C@@H](CO)[C@H](O)[C@@H](O)[C@@H]3O)[C@@H]12,1529054541,10
COC(=O)C1=CO[C@@H](O[C@H]2O[C@@H](CO)[C@@H](O)[C@@H](O)[C@H]2O)[C@@H]2[C@H](C)[C@@H](O)C[C@@H]12,36377990,10
COC(=O)C1=CO[C@H](O[C@H]2O[C@H](CO)[C@H](O)[C@H](O)[C@@H]2O)[C@H]2[C@H](C)CC(=O)[C@@H]12,4082213,8
C=C[C@@H]1[C@@H](O[C@H]2O[C@@H](CO)[C@H](O)[C@@H](O)[C@@H]2O)OC=C(C(=O)OC)[C@@H]1CC=O,1529302,13
O=C(O)C1=CO[C@H](O[C@H]2O[C@@H](CO)[C@@H](O)[C@@H](O)[C@H]2O)[C@@H]2[C@H]1C=C[C@@]2(O)CO,71404494,0
COC(=O)C1=CO[C@@H](O[C@@H]2O[C@H](CO)[C@@H](O)[C@H](O)[C@H]2O)[C@@H]2[C@@H]1C[C@@H](O)[C@@H]2C,103214646,10
C[C@]1(O)CC[C@@H]2C(C(=O)O)=CO[C@@H](O[C@@H]3O[C@H](CO)[C@@H](O)[C@H](O)[C@H]3O)[C@@H]21,28538287,0
COC(=O)C1=CO[C@H](O[C@H]2O[C@@H](CO)[C@H](O)[C@@H](O)[C@@H]2O)[C@H]2C(CO)=CC[C@@H]12,59585773,17
COC(=O)C1=CO[C@@H](O[C@H]2O[C@H](CO)[C@@H](O)[C@H](O)[C@H]2O)[C@@H]2C(CO)=CC[C@H]12,3882100,17
COC(=O)C1=CO[C@@H](O[C@@H]2O[C@H](CO)[C@@H](O)[C@H](O)[C@H]2O)[C@H]2[C@H]1CC[C@@]2(C)O,31156311,10
COC(=O)C1=CO[C@@H](O[C@@H]2O[C@H](CO)[C@@H](O)[C@H](O)[C@H]2O)[C@H]2[C@H]1C[C@H](O)[C@@H]2C,4268368,10
COC(=O)C1=CO[C@@H](O[C@@H]2O[C@H](CO)[C@@H](O)[C@H](O)[C@H]2O)[C@@H]2[C@H]1CC[C@]2(C)O,105153547,10
C[C@@H]1[C@@H](O)C[C@@H]2C(C(=O)O)=CO[C@@H](O[C@H]3O[C@H](CO)[C@@H](O)[C@H](O)[C@H]3O)[C@@H]21,21992897,10
COC(=O)C1=CO[C@@H](O[C@@H]2O[C@H](CO)[C@@H](O)[C@H](O)[C@H]2O)[C@H]2[C@H]1C[C@@H](O)[C@@H]2C,4268364,10
COC(=O)C1=CO[C@@H](O[C@@H]2O[C@H](CO)[C@@H](O)[C@H](O)[C@H]2O)[C@@H]2[C@H](C)[C@@H](O)C[C@@H]12,4268365,10
O=C(O)C1=CO[C@H](O[C@H]2O[C@@H](CO)[C@@H](O)[C@@H](O)[C@H]2O)[C@@H]2[C@H]1C=C[C@]2(O)CO,71404493,0
COC(=O)C1=CO[C@@H](O[C@@H]2O[C@H](CO)[C@@H](O)[C@H](O)[C@H]2O)[C@@H]2[C@@H]1C[C@@H](O)[C@H]2C,253389203,10
COC(=O)C1=CO[C@H](O[C@@H]2O[C@H](CO)[C@@H](O)[C@H](O)[C@H]2O)[C@H]2[C@H](C)C(=O)C[C@@H]12,67912740,10
O=C(O)C1=CO[C@H](O[C@H]2O[C@@H](CO)[C@@H](O)[C@@H](O)[C@H]2O)[C@H]2[C@H]1C=C[C@]2(O)CO,71404492,0
COC(=O)C1=CO[C@@H](O[C@@H]2O[C@H](CO)[C@@H](O)[C@H](O)[C@H]2O)[C@@H]2[C@H](C)[C@H](O)C[C@@H]12,4268363,10
COC(=O)C1=CO[C@@H](O[C@H]2O[C@@H](CO)[C@@H](O)[C@@H](O)[C@H]2O)[C@H]2[C@H]1C[C@H](O)[C@@H]2C,36377991,10
O=C(O)C1=CO[C@H](O[C@H]2O[C@@H](CO)[C@@H](O)[C@@H](O)[C@H]2O)[C@H]2[C@H]1C=C[C@@]2(O)CO,8618616,0
O=C(O)C1=CO[C@H](O[C@@H]2O[C@H](CO)[C@@H](O)[C@H](O)[C@H]2O)[C@H]2C(CO)=C[C@H](O)[C@@H]12,137606485,0
COC(=O)C1=CO[C@H](O[C@@H]2O[C@H](CO)[C@@H](O)[C@H](O)[C@H]2O)[C@@H]2[C@H](C)C(=O)C[C@H]12,137972545,10
COC(=O)C1=CO[C@H](O[C@H]2O[C@@H](CO)[C@H](O)[C@@H](O)[C@@H]2O)[C@H]2[C@H](C)[C@H](O)C[C@@H]12,669679169,10
COC(=O)C1=CO[C@H](O[C@H]2O[C@@H](CO)[C@H](O)[C@H](O)[C@H]2O)[C@H]2[C@H](C)CC(=O)[C@@H]12,35363827,8
COC(=O)C1=CO[C@@H](O[C@@H]2O[C@H](CO)[C@@H](O)[C@H](O)[C@H]2O)[C@@H]2[C@@H]1CC[C@@]2(C)O,31156298,10
COC(=O)C1=CO[C@@H](O[C@@H]2O[C@H](CO)[C@@H](O)[C@H](O)[C@H]2O)[C@H]2[C@@H]1C(=O)C[C@H]2C,33830310,8
COC(=O)C1=CO[C@@H](O[C@H]2O[C@@H](CO)[C@@H](O)[C@@H](O)[C@H]2O)[C@@H]2[C@@H](C)CC(=O)[C@H]12,5015109,8
COC(=O)C1=CO[C@H](O[C@@H]2O[C@H](CO)[C@@H](O)[C@H](O)[C@H]2O)[C@H]2[C@@H]1C[C@H](O)[C@@H]2C,13407262,10
COC(=O)C1=CO[C@H](O[C@H]2O[C@@H](CO)[C@H](O)[C@@H](O)[C@H]2O)[C@H]2[C@H](C)CC(=O)[C@@H]12,35363826,8
COC(=O)C1=CO[C@@H](O[C@H]2O[C@@H](CO)[C@@H](O)[C@@H](O)[C@H]2O)[C@H]2[C@@H]1C(=O)C[C@H]2C,5015108,8
COC(=O)C1=CO[C@H](O[C@@H]2O[C@H](CO)[C@@H](O)[C@H](O)[C@H]2O)[C@H]2[C@@H](C)C(=O)C[C@@H]12,67912737,10
COC(=O)C1=CO[C@H](O[C@H]2O[C@@H](CO)[C@H](O)[C@@H](O)[C@@H]2O)[C@H]2[C@H](C)CC(=O)[C@@H]12,12871773,8
COC(=O)C1=CO[C@H](O[C@H]2O[C@H](CO)[C@H](O)[C@@H](O)[C@@H]2O)[C@H]2[C@H](C)CC(=O)[C@@H]12,12871780,8
COC(=O)C1=CO[C@@H](O[C@H]2O[C@@H](CO)[C@@H](O)[C@@H](O)[C@H]2O)[C@@H]2[C@@H](C)CC(=O)[C@@H]12,5015106,8
COC(=O)C1=CO[C@@H](O[C@@H]2O[C@H](CO)[C@@H](O)[C@H](O)[C@H]2O)[C@@H]2[C@H]1CC[C@@]2(C)O,31156306,10
COC(=O)C1=CO[C@H](O[C@@H]2O[C@H](CO)[C@@H](O)[C@H](O)[C@H]2O)[C@@H]2[C@@H]1C[C@H](O)[C@@H]2C,13407270,10
COC(=O)C1=CO[C@@H](O[C@H]2O[C@@H](CO)[C@@H](O)[C@@H](O)[C@H]2O)[C@H]2[C@H]1C[C@@H](O)[C@@H]2C,8681473,10
COC(=O)C1=CO[C@@H](O[C@@H]2O[C@H](CO)[C@H](O)[C@H](O)[C@H]2O)[C@H]2[C@@H]1C[C@H](O)[C@@H]2C,4104827,10
COC(=O)C1=CO[C@H](O[C@@H]2O[C@H](CO)[C@@H](O)[C@H](O)[C@H]2O)[C@@H]2[C@@H](C)C(=O)C[C@@H]12,67912734,10
COC(=O)C1=CO[C@H](O[C@@H]2O[C@H](CO)[C@@H](O)[C@H](O)[C@H]2O)[C@@H]2[C@@H]1C[C@@H](O)[C@H]2C,245238745,10
COC(=O)C1=CO[C@@H](O[C@H]2O[C@@H](CO)[C@H](O)[C@@H](O)[C@@H]2O)[C@@H]2[C@@H](C)CC(=O)[C@H]12,13814978,8
COC(=O)C1=CO[C@H](O[C@@H]2O[C@H](CO)[C@@H](O)[C@H](O)[C@H]2O)[C@@H]2[C@@H]1C[C@H](O)[C@H]2C,245238746,10
CO[C@H]1C[C@@H]2C(C(=O)O)=CO[C@@H](O[C@@H]3O[C@H](CO)[C@@H](O)[C@H](O)[C@H]3O)[C@@H]2[C@H]1C,85341114,10
O=C(O)C1=CO[C@@H](O[C@H]2O[C@@H](CO)[C@H](O)[C@@H](O)[C@@H]2O)[C@@H]2C(CO)=C[C@@H](O)[C@H]12,59586804,0
COC(=O)C1=CO[C@H](O[C@H]2O[C@H](CO)[C@H](O)[C@@H](O)[C@H]2O)[C@H]2[C@H](C)CC(=O)[C@@H]12,105376865,8
COC(=O)C1=CO[C@@H](O[C@@H]2O[C@H](CO)[C@@H](O)[C@H](O)[C@@H]2O)[C@H]2[C@@H]1C[C@H](O)[C@@H]2C,4104826,10
COC(=O)C1=CO[C@@H](O[C@H]2O[C@H](CO)[C@@H](O)[C@H](O)[C@H]2O)[C@@H]2C(OC)=CC[C@H]12,21992874,17
COC(=O)C1=CO[C@@H](O[C@@H]2O[C@H](CO)[C@@H](O)[C@H](O)[C@H]2O)[C@@H]2[C@@H]1CC[C@]2(C)O,105153542,10
COC(=O)C1=CO[C@H](O[C@H]2O[C@@H](CO)[C@H](O)[C@H](O)[C@@H]2O)[C@H]2[C@H](C)CC(=O)[C@@H]12,4082212,8
COC(=O)C1=CO[C@@H](O[C@H]2O[C@@H](CO)[C@@H](O)[C@@H](O)[C@H]2O)[C@@H]2[C@H](C)[C@H](O)C[C@@H]12,8681472,10
C[C@H]1[C@@H](O)C[C@@H]2C(C(=O)O)=CO[C@H](O[C@@H]3O[C@H](CO)[C@@H](O)[C@H](O)[C@H]3O)[C@@H]21,36383811,10
COC(=O)C1=CO[C@@H](O[C@@H]2O[C@H](CO)[C@@H](O)[C@H](O)[C@H]2O)[C@@H]2[C@@H]1C(=O)C[C@H]2C,77257457,8
COC(=O)C1=CO[C@H](O[C@@H]2O[C@H](CO)[C@@H](O)[C@H](O)[C@H]2O)[C@H]2[C@@H]1CC(=O)[C@@H]2C,253389902,10
COC(=O)C1=CO[C@@H](O[C@@H]2O[C@H](CO)[C@@H](O)[C@H](O)[C@H]2O)[C@H]2[C@H](C)CC(=O)[C@@H]12,77257455,8
COC(=O)C1=CO[C@H](O[C@@H]2O[C@@H](CO)[C@H](O)[C@H](O)[C@@H]2O)[C@H]2[C@H](C)CC(=O)[C@@H]12,217476866,8
COC(=O)C1=CO[C@@H](O[C@H]2O[C@H](CO)[C@@H](O)[C@H](O)[C@H]2O)[C@H]2[C@@H]1C[C@H](O)[C@@H]2C,39945957,10
COC(=O)C1=CO[C@@H](O[C@H]2O[C@@H](CO)[C@@H](O)[C@@H](O)[C@H]2O)[C@@H]2[C@H](C)CC(=O)[C@@H]12,5015104,8
COC(=O)C1=CO[C@@H](O[C@@H]2O[C@H](CO)[C@@H](O)[C@H](O)[C@H]2O)[C@@H]2[C@@H]1C[C@H](O)[C@H]2C,28538317,10
COC(=O)C1=CO[C@@H](O[C@@H]2O[C@H](CO)[C@@H](O)[C@H](O)[C@H]2O)[C@@H]2[C@H](C)CC(=O)[C@@H]12,33830308,8
COC(=O)C1=CO[C@@H](O[C@@H]2O[C@H](CO)[C@@H](O)[C@H](O)[C@H]2O)[C@@H]2[C@@H](C)CC(=O)[C@H]12,4098356,8
C[C@@H]1[C@@H](O)C[C@@H]2C(C(=O)O)=CO[C@@H](O[C@H]3O[C@@H](CO)[C@H](O)[C@@H](O)[C@@H]3O)[C@@H]21,253623387,10
O=C(O)C1=CO[C@@H](O[C@H]2O[C@@H](CO)[C@H](O)[C@@H](O)[C@@H]2O)[C@@H]2[C@@H]1C=C[C@]2(O)CO,257437831,0
COC(=O)C1=CO[C@@H](O[C@H]2O[C@@H](CO)[C@H](O)[C@@H](O)[C@@H]2O)[C@H]2C(CO)=CC[C@H]12,253527838,17
COC(=O)C1=CO[C@@H](O[C@H]2O[C@@H](CO)[C@H](O)[C@@H](O)[C@@H]2O)[C@@H]2C(CO)=CC[C@@H]12,253527841,17
COC(=O)C1=CO[C@@H](O[C@H]2O[C@H](CO)[C@H](O)[C@@H](O)[C@@H]2O)[C@H]2C(CO)=CC[C@H]12,1857524399,17
COC(=O)C1=CO[C@@H](O[C@@H]2O[C@H](CO)[C@@H](O)[C@H](O)[C@H]2O)[C@H]2C(CO)=CC[C@H]12,13827710,17
COC(=O)C1=CO[C@@H](O[C@@H]2O[C@H](CO)[C@@H](O)[C@@H](O)[C@H]2O)[C@@H]2C(CO)=CC[C@H]12,101640666,17
C[C@H]1[C@@H](O)C[C@@H]2C(C(=O)O)=CO[C@@H](O[C@@H]3O[C@H](CO)[C@@H](O)[C@H](O)[C@H]3O)[C@@H]21,3978795,10
C[C@H]1[C@@H](O)C[C@@H]2C(C(=O)O)=CO[C@@H](O[C@@H]3O[C@H](CO)[C@@H](O)[C@H](O)[C@H]3O)[C@H]21,66331858,10
COC(=O)C1=CO[C@@H](O[C@@H]2O[C@@H](CO)[C@@H](O)[C@@H](O)[C@@H]2O)[C@@H]2C(CO)=CC[C@H]12,8829464,17
O=C(O)C1=CO[C@@H](O[C@@H]2O[C@H](CO)[C@@H](O)[C@H](O)[C@H]2O)[C@@H]2C(CO)=C[C@H](O)[C@H]12,35942939,0
C[C@]1(O)C[C@@H](O)[C@@H]2C(C(=O)O)=CO[C@@H](O[C@@H]3O[C@H](CO)[C@@H](O)[C@H](O)[C@H]3O)[C@@H]21,36519535,0
O=C(O)C1=CO[C@@H](O[C@@H]2O[C@H](CO)[C@@H](O)[C@H](O)[C@H]2O)[C@@H]2[C@@H](CO)CC[C@H]12,238738039,0
COC(=O)C1=CO[C@@H](O[C@@H]2O[C@H](CO)[C@@H](O)[C@@H](O)[C@@H]2O)[C@@H]2C(CO)=CC[C@H]12,13479082,17
C[C@]1(O)C[C@@H](O)[C@@H]2C(C(=O)O)=CO[C@@H](O[C@@H]3O[C@H](CO)[C@@H](O)[C@H](O)[C@H]3O)[C@H]21,1772820167,0
COC(=O)C1=CO[C@@H](O[C@@H]2O[C@H](CO)[C@@H](O)[C@H](O)[C@H]2O)[C@H]2C(CO)=CC[C@@H]12,13827713,17
COC(=O)C1=CO[C@@H](O[C@H]2O[C@@H](CO)[C@H](O)[C@@H](O)[C@@H]2O)[C@@H]2[C@@H]1C[C@H](O)[C@H]2C,253617639,10
COC(=O)C1=CO[C@@H](O[C@@H]2O[C@H](CO)[C@@H](O)[C@H](O)[C@H]2O)[C@H]2[C@@H]1CC[C@@]2(C)O,31156303,10
C[C@@H]1[C@@H](O)C[C@H]2C(C(=O)O)=CO[C@@H](O[C@H]3O[C@H](CO)[C@H](O)[C@@H](O)[C@@H]3O)[C@H]12,1857787721,10
COC(=O)C1=CO[C@@H](O[C@@H]2O[C@H](CO)[C@@H](O)[C@H](O)[C@H]2O)[C@@H]2[C@@H]1C[C@H](O)[C@@H]2C,13407266,10
COC(=O)C1=CO[C@@H](O[C@@H]2O[C@H](CO)[C@@H](O)[C@H](O)[C@H]2O)[C@H]2[C@@H]1CC[C@]2(C)O,6032117,10
COC(=O)C1=CO[C@@H](O[C@H]2O[C@@H](CO)[C@H](O)[C@@H](O)[C@@H]2O)[C@@H]2[C@@H]1C[C@@H](O)[C@@H]2C,253617638,10
COC(=O)C1=CO[C@@H](O[C@H]2O[C@H](CO)[C@H](O)[C@@H](O)[C@@H]2O)[C@@H]2C(CO)=CC[C@H]12,1857524398,17
COC(=O)C1=CO[C@@H](O[C@@H]2O[C@H](CO)[C@@H](O)[C@H](O)[C@H]2O)[C@H]2[C@@H]1C[C@H](O)[C@@H]2C,3978792,10
C[C@H]1[C@H]2[C@H](O[C@H]3O[C@@H](CO)[C@H](O)[C@@H](O)[C@@H]3O)OC=C(C(=O)O)[C@@H]2C[C@H]1O,253623386,10
COC(=O)C1=CO[C@@H](O[C@H]2O[C@H](CO)[C@H](O)[C@@H](O)[C@@H]2O)[C@H]2C(CO)=CC[C@@H]12,1857524397,17
COC(=O)C1=CO[C@@H](O[C@@H]2O[C@H](CO)[C@@H](O)[C@H](O)[C@H]2O)[C@@H]2C(CO)=CC[C@H]12,3882101,17
C[C@@H]1[C@@H](O)C[C@@H]2C(C(=O)O)=CO[C@@H](O[C@@H]3O[C@H](CO)[C@@H](O)[C@H](O)[C@H]3O)[C@@H]21,6031801,10
COC(=O)C1=CO[C@@H](O[C@H]2O[C@@H](CO)[C@H](O)[C@@H](O)[C@@H]2O)[C@@H]2[C@@H]1C[C@H](O)[C@@H]2C,253617641,10
O=C(O)C1=CO[C@@H](O[C@@H]2O[C@H](CO)[C@@H](O)[C@H](O)[C@H]2O)[C@H]2[C@@H](CO)CC[C@H]12,85643885,0
COC(=O)C1=CO[C@@H](O[C@H]2O[C@@H](CO)[C@H](O)[C@@H](O)[C@@H]2O)[C@@H]2C(CO)=CC[C@H]12,238785795,17
COC(=O)C1=CO[C@@H](O[C@H]2O[C@@H](CO)[C@H](O)[C@@H](O)[C@@H]2O)[C@H]2C(CO)=CC[C@@H]12,253527839,17
COC(=O)C1=CO[C@@H](O[C@@H]2O[C@H](CO)[C@@H](O)[C@H](O)[C@H]2O)[C@@H]2C(CO)=CC[C@@H]12,13827716,17
C[C@H]1[C@H]2[C@H](O[C@H]3O[C@@H](CO)[C@H](O)[C@@H](O)[C@@H]3O)OC=C(C(=O)O)[C@H]2C[C@H]1O,253623385,10
COC(=O)C1=CO[C@@H](O[C@H]2O[C@H](CO)[C@H](O)[C@@H](O)[C@@H]2O)[C@@H]2C(CO)=CC[C@@H]12,1857524396,17
O=C(O)C1=CO[C@@H](O[C@@H]2O[C@H](CO)[C@@H](O)[C@H](O)[C@H]2O)[C@H]2[C@@H]1C=C[C@]2(O)CO,4098344,0
COC(=O)C1=CO[C@@H](O[C@@H]2O[C@@H](CO)[C@@H](O)[C@@H](O)[C@H]2O)[C@@H]2C(CO)=CC[C@H]12,8829462,17
C[C@H]1[C@H]2[C@H](O[C@H]3O[C@H](CO)[C@H](O)[C@@H](O)[C@@H]3O)OC=C(C(=O)O)[C@@H]2C[C@H]1O,1857787719,10
COC(=O)C1=CO[C@@H](O[C@H]2O[C@@H](CO)[C@H](O)[C@@H](O)[C@@H]2O)[C@@H]2[C@@H]1C[C@@H](O)[C@H]2C,253617640,10
O=C(O)C1=CO[C@@H](O[C@H]2O[C@@H](CO)[C@H](O)[C@@H](O)[C@@H]2O)[C@@H]2[C@H]1C=C[C@@]2(O)CO,257437830,0
C[C@@H]1[C@@H](O)C[C@H]2C(C(=O)O)=CO[C@@H](O[C@H]3O[C@@H](CO)[C@H](O)[C@@H](O)[C@@H]3O)[C@H]12,253623384,10
C[C@H]1[C@H]2[C@H](O[C@H]3O[C@H](CO)[C@H](O)[C@@H](O)[C@@H]3O)OC=C(C(=O)O)[C@H]2C[C@H]1O,1857787720,10
C/C=C1/[C@H](O[C@@H]2O[C@H](CO)[C@@H](O)[C@H](O)[C@H]2O)OC=C(C(=O)O)[C@H]1CC(=O)O,96023830,0
COC(=O)C1=CO[C@@H](O[C@@H]2O[C@H](CO)[C@@H](O)[C@H](O)[C@H]2O)[C@H]2[C@@H](C)CC(=O)[C@H]12,66331886,8
O=C(O)C1=CO[C@@H](O[C@H]2O[C@@H](CO)[C@H](O)[C@@H](O)[C@@H]2O)[C@@H]2[C@@H]1C=C[C@@]2(O)CO,257437828,0
C[C@@H]1[C@@H](O)C[C@@H]2C(C(=O)O)=CO[C@@H](O[C@H]3O[C@H](CO)[C@H](O)[C@@H](O)[C@@H]3O)[C@@H]21,1857787718,10
O=C(O)C1=CO[C@@H](O[C@H]2O[C@@H](CO)[C@H](O)[C@@H](O)[C@@H]2O)[C@@H]2[C@H]1C=C[C@]2(O)CO,257437829,0
C=C[C@H]1[C@H](O[C@@H]2O[C@H](CO)[C@@H](O)[C@H](O)[C@H]2O)OC=C(C(=O)O)[C@H]1CC(=O)O,238761851,13
C=C[C@H]1[C@H](O[C@@H]2O[C@H](CO)[C@@H](O)[C@H](O)[C@H]2O)OC=C(C(=O)OC)[C@H]1CC=O,4095728,13
C=C[C@H]1[C@H](O[C@@H]2O[C@H](CO)[C@@H](O)[C@H](O)[C@H]2O)OC=C2C(=O)O[C@H](OC)C[C@H]21,59587075,13
C=C[C@@H]1[C@@H](O[C@H]2O[C@@H](CO)[C@H](O)[C@@H](O)[C@@H]2O)OC=C(C(=O)O)[C@@H]1CC(=O)O,253500905,13
C=C[C@@H]1[C@H](CC(=O)O)C(C(=O)O)=CO[C@@H]1O[C@H]1O[C@@H](CO)[C@H](O)[C@@H](O)[C@@H]1O,253500902,13
C=C[C@@H]1[C@H](CC=O)C(C(=O)OC)=CO[C@@H]1O[C@H]1O[C@@H](CO)[C@@H](O)[C@@H](O)[C@H]1O,6379175,13
C=C[C@H]1[C@@H](O[C@H]2O[C@@H](CO)[C@@H](O)[C@@H](O)[C@H]2O)OC=C(C(=O)O)[C@@H]1CC(=O)O,34235760,13
C=C[C@H]1[C@H](CC(=O)O)C(C(=O)O)=CO[C@@H]1O[C@H]1O[C@@H](CO)[C@@H](O)[C@@H](O)[C@H]1O,34235759,13
C=C[C@H]1[C@H](CC(=O)O)C(C(=O)O)=CO[C@@H]1O[C@H]1O[C@@H](CO)[C@H](O)[C@@H](O)[C@@H]1O,253500907,13
C=C[C@H]1[C@H](CC=O)C(C(=O)OC)=CO[C@@H]1O[C@H]1O[C@@H](CO)[C@@H](O)[C@@H](O)[C@H]1O,6379177,13
C=C[C@@H]1[C@H](CC(=O)O)C(C(=O)O)=CO[C@@H]1O[C@H]1O[C@@H](CO)[C@@H](O)[C@@H](O)[C@H]1O,34235758,13
C=C[C@H]1[C@@H](O[C@H]2O[C@@H](CO)[C@H](O)[C@@H](O)[C@@H]2O)OC=C(C(=O)OC)[C@@H]1CC=O,253532128,13
C=C[C@H]1[C@H](CC=O)C(C(=O)OC)=CO[C@@H]1O[C@H]1O[C@@H](CO)[C@H](O)[C@@H](O)[C@@H]1O,253532129,13
C=C[C@H]1[C@H](O[C@H]2O[C@@H](CO)[C@@H](O)[C@@H](O)[C@H]2O)OC=C(C(=O)OC)[C@H]1CC=O,6379180,13
C=C[C@@H]1[C@H](O[C@H]2O[C@@H](CO)[C@@H](O)[C@@H](O)[C@H]2O)OC=C(C(=O)OC)[C@H]1CC=O,6379183,13
C=C[C@H]1[C@@H](O[C@H]2O[C@@H](CO)[C@H](O)[C@@H](O)[C@@H]2O)OC=C(C(=O)O)[C@@H]1CC(=O)O,253500904,13
C=C[C@@H]1[C@H](CC=O)C(C(=O)OC)=CO[C@@H]1O[C@H]1O[C@@H](CO)[C@H](O)[C@@H](O)[C@@H]1O,253532130,13
COc1ccc(Cl)cc1N1/C(=N/C(=O)C2CC2)S[C@@H]2CS(=O)(=O)C[C@H]21,5202932,12
COc1ccc(Cl)cc1N1/C(=N\C(=O)C2CC2)S[C@H]2CS(=O)(=O)C[C@@H]21,101307361,12
CCC(=O)/N=C1/S[C@@H]2CS(=O)(=O)C[C@@H]2N1c1cc(Cl)c(OC)cc1OC,101310230,22
COc1ccc(Cl)cc1N1/C(=N\C(=O)C2CC2)S[C@@H]2CS(=O)(=O)C[C@@H]21,101307369,12
COc1ccc(Cl)cc1N1/C(=N\C(=O)C2CC2)S[C@@H]2CS(=O)(=O)C[C@H]21,101307366,12
COc1ccc(Cl)cc1N1/C(=N\C(=O)C2CC2)S[C@H]2CS(=O)(=O)C[C@H]21,101307358,12
CCC(=O)/N=C1/S[C@H]2CS(=O)(=O)C[C@@H]2N1c1cc(Cl)c(OC)cc1OC,101310225,22
CCC(=O)/N=C1/S[C@@H]2CS(=O)(=O)C[C@H]2N1c1cc(Cl)c(OC)cc1OC,101310227,22
CCC(=O)/N=C1/S[C@H]2CS(=O)(=O)C[C@H]2N1c1cc(Cl)c(OC)cc1OC,101310223,22
COc1ccc(Cl)cc1N1/C(=N/C(=O)C2CC2)S[C@@H]2CS(=O)(=O)C[C@@H]21,5202945,12
CO[C@H]1O[C@@H](CO)[C@H](O)[C@@H](O[C@@H]2O[C@H](CO)[C@@H](O)[C@@H](O)[C@@H]2NC(C)=O)[C@@H]1O,253613935,4
CC(=O)N[C@@]1(O)[C@@H](O)[C@H](O)[C@@H](CO[C@@H]2C[C@H](O)[C@H](O)[C@H](CO)O2)O[C@H]1O,1570006155,4
CC(=O)N[C@]1(O)[C@H](O)O[C@H](CO[C@@H]2C[C@H](O)[C@H](O)[C@H](CO)O2)[C@H](O)[C@H]1O,1570006139,4
CC(=O)N[C@H]1[C@@H](O)[C@@H](C[C@@H]2O[C@H](CO)[C@H](O)[C@H](O)[C@H]2O)[C@@H](CO)O[C@H]1O,1569985093,4
CC(=O)N[C@H]1[C@H](O[C@@H]2[C@@H](O)O[C@H](CO)[C@@H](O)[C@@H]2O)O[C@H](CO)[C@@H](O)[C@@H]1O,33821422,4
CC(=O)N[C@H]1[C@@H](O[C@H]2[C@@H](CO)O[C@H](O)[C@H](O)[C@H]2O)O[C@H](CO)[C@@H](O)[C@@H]1O,77269617,4
CC(=O)N[C@H]1[C@@H](O)O[C@H](CO)[C@H](O)[C@H]1O[C@@H]1O[C@H](CO)[C@H](O)[C@H](O)[C@H]1O,136891067,4
CC(=O)N[C@]1(O)[C@H](O)O[C@H](CO[C@@H]2C[C@H](O)[C@H](O)[C@H](CO)O2)[C@@H](O)[C@H]1O,1570006157,4
CC(=O)N[C@H]1[C@H](O[C@H]2[C@@H](O)[C@H](O)[C@@H](CO)O[C@H]2O)O[C@H](CO)[C@@H](O)[C@@H]1O,38393773,4
CC(=O)N[C@@]1(O)[C@@H](O)[C@@H](O)[C@@H](CO[C@@H]2C[C@H](O)[C@H](O)[C@H](CO)O2)O[C@H]1O,1570006153,4
CC(=O)N[C@H]1[C@@H](O)[C@@H](C[C@@H]2O[C@H](CO)[C@H](O)[C@H](O)[C@@H]2O)[C@@H](CO)O[C@H]1O,1569985094,4
CC(=O)N[C@@H]1[C@H](O)O[C@H](CO)[C@H](C[C@@H]2O[C@H](CO)[C@H](O)[C@H](O)[C@@H]2O)[C@H]1O,1569985095,4
CC(=O)N[C@H]1[C@@H](O[C@H]2[C@H](O)[C@@H](O)O[C@@H](CO)[C@@H]2O)O[C@@H](CO)[C@@H](O)[C@@H]1O,253611388,4
CC(=O)N[C@H]1[C@@H](O)O[C@H](CO[C@@H]2O[C@H](CO)[C@H](O)[C@H](O)[C@H]2O)[C@@H](O)[C@@H]1O,87528044,4
CC(=O)N[C@H]1[C@H](O)O[C@H](CO[C@@H]2O[C@H](CO)[C@H](O)[C@H](O)[C@H]2O)[C@@H](O)[C@@H]1O,13519094,4
CC(=O)N[C@H]1[C@@H](O)O[C@H](CO)[C@@H](O)[C@@H]1O[C@@H]1O[C@H](CO)[C@H](O)[C@H](O)[C@H]1O,4097097,4
CO[C@H]1O[C@H](CO[C@@H]2O[C@H](CO)[C@@H](O)[C@H](O)[C@H]2NC(C)=O)[C@@H](O)[C@H](O)[C@@H]1O,95871175,4
CC(=O)N[C@H]1[C@@H](O[C@H]2[C@H](O)[C@@H](O)O[C@@H](CO)[C@@H]2O)O[C@H](CO)[C@@H](O)[C@@H]1O,253611386,4
CC(=O)N[C@@H]1[C@H](O[C@@H]2O[C@H](CO)[C@H](O)[C@H](O)[C@H]2O)[C@@H](O)[C@@H](CO)O[C@H]1O,44127228,4
CC(=O)N[C@H]1[C@@H](O)O[C@H](CO)[C@H](O[C@@H]2O[C@H](CO)[C@H](O)[C@H](O)[C@H]2O)[C@@H]1O,77269582,4
CO[C@H]1O[C@@H](CO)[C@@H](O)[C@@H](O[C@@H]2O[C@H](CO)[C@@H](O)[C@H](O)[C@H]2NC(C)=O)[C@@H]1O,95871174,4
CC(=O)N[C@H]1[C@@H](O[C@H]2[C@@H](CO)O[C@@H](O)[C@H](O)[C@H]2O)O[C@H](CO)[C@@H](O)[C@@H]1O,77269622,4
CC(=O)N[C@@H]1[C@@H](O)O[C@H](CO[C@H]2O[C@H](CO)[C@H](O)[C@H](O)[C@H]2O)[C@H](O)[C@@H]1O,83260792,4
CC(=O)N[C@H]1[C@H](O)O[C@H](CO)[C@H](O[C@@H]2O[C@H](CO)[C@H](O)[C@H](O)[C@H]2O)[C@@H]1O,43505242,4
CC(=O)N[C@H]1[C@@H](O[C@H]2[C@H](O)[C@@H](O)O[C@@H](CO)[C@@H]2O)O[C@H](CO)[C@H](O)[C@@H]1O,253611387,4
CC(=O)N[C@H]1[C@@H](O)O[C@H](CO)[C@H](O)[C@@H]1O[C@H]1O[C@H](CO)[C@H](O)[C@H](O)[C@H]1O,59065580,4
CC(=O)N[C@@H]1[C@@H](O)O[C@H](CO)[C@H](O)[C@@H]1O[C@H]1O[C@H](CO)[C@H](O)[C@H](O)[C@H]1O,83260785,4
CC(=O)N[C@H]1[C@@H](O[C@H]2[C@H](O)[C@@H](O)O[C@@H](CO)[C@@H]2O)O[C@@H](CO)[C@H](O)[C@@H]1O,253611389,4
CC(=O)N[C@@H]1[C@H](O)O[C@H](CO)[C@H](C[C@@H]2O[C@H](CO)[C@H](O)[C@H](O)[C@H]2O)[C@H]1O,1569985092,4
CC(=O)N[C@H]1[C@H](O[C@@H]2[C@H](O)[C@H](O)O[C@H](CO)[C@H]2O)O[C@H](CO)[C@@H](O)[C@@H]1O,77269609,4
CC(=O)N[C@H]1[C@H](O)O[C@H](CO)[C@H](O)[C@@H]1O[C@H]1O[C@H](CO)[C@H](O)[C@H](O)[C@H]1O,33913775,4
CC(=O)N[C@H]1[C@H](O[C@@H]2[C@H](O)[C@@H](O)O[C@H](CO)[C@H]2O)O[C@H](CO)[C@@H](O)[C@@H]1O,77269604,4
CC(=O)N[C@@H]1[C@H](O)O[C@@H](CO)[C@H](O[C@@H]2O[C@H](CO)[C@H](O)[C@H](O)[C@@H]2O)[C@@H]1O,35636144,4
CC(=O)N[C@H]1[C@H](O[C@H]2[C@@H](CO)O[C@H](O)[C@H](O)[C@H]2O)O[C@H](CO)[C@H](O)[C@@H]1O,64633924,4
CC(=O)N[C@H]1[C@@H](O)O[C@H](CO[C@@H]2O[C@H](CO)[C@H](O)[C@H](O)[C@H]2O)[C@H](O)[C@@H]1O,77269588,4
CC(=O)N[C@@H]1[C@H](O)O[C@@H](CO)[C@H](O[C@@H]2O[C@@H](CO)[C@H](O)[C@H](O)[C@@H]2O)[C@@H]1O,22046476,4
CC(=O)N[C@H]1C[C@@H](O)[C@H](CO)O[C@@H]1O[C@@H]1[C@@H](O)[C@H](O)[C@@H](O)O[C@H]1C(=O)O,1857790286,4
CO[C@@H]1O[C@H](CO)[C@@H](O[C@@H]2O[C@H](CO)[C@H](O)[C@H](O)[C@H]2O)[C@H](O)[C@H]1NC(C)=O,13549358,4
CC(=O)N[C@@H]1[C@H](O)O[C@H](CO)[C@H](O)[C@@H]1O[C@@H]1O[C@H](CO)[C@H](O)[C@H](O)[C@@H]1O,247921887,4
CO[C@@H]1O[C@H](CO)[C@@H](O)[C@H](O[C@@H]2O[C@H](CO)[C@H](O)[C@H](O)[C@H]2O)[C@H]1NC(C)=O,13549336,4
CO[C@@H]1O[C@H](CO)[C@@H](O)[C@H](O[C@@H]2O[C@@H](C)[C@@H](O)[C@@H](O)[C@@H]2O)[C@H]1NC(C)=O,33821390,4
CC(=O)N[C@@H]1[C@H](O)O[C@H](CO)[C@H](O[C@@H]2O[C@H](CO)[C@H](O)[C@H](O)[C@@H]2O)[C@@H]1O,35636146,4
CC(=O)N[C@H]1[C@H](O[C@H]2[C@@H](CO)O[C@@H](O)[C@H](O)[C@H]2O)O[C@H](CO)[C@H](O)[C@@H]1O,13549364,4
CC(=O)N[C@H]1[C@H](O)O[C@H](CO)[C@@H](O[C@@H]2O[C@H](CO)[C@H](O)[C@H](O)[C@H]2O)[C@@H]1O,4228284,4
CC(=O)N[C@H]1[C@@H](O)O[C@H](CO)[C@@H](O[C@@H]2O[C@H](CO)[C@H](O)[C@H](O)[C@H]2O)[C@@H]1O,13545957,4
CC(=O)N[C@@H]1[C@H](O)O[C@H](CO)[C@H](O[C@@H]2O[C@@H](CO)[C@H](O)[C@H](O)[C@@H]2O)[C@@H]1O,22046486,4
CC(=O)N[C@H]1[C@@H](O)O[C@H](CO)[C@H](O)[C@@H]1O[C@@H]1O[C@H](CO)[C@H](O)[C@H](O)[C@H]1O,4097367,4
CO[C@H]1O[C@@H](CO)[C@H](O)[C@@H](O[C@@H]2O[C@H](CO)[C@@H](O)[C@H](O)[C@@H]2NC(C)=O)[C@@H]1O,253613936,4
CC(=O)N[C@@H]1[C@H](O)O[C@H](CO)[C@H](O)[C@@H]1O[C@@H]1O[C@@H](CO)[C@H](O)[C@@H](O)[C@@H]1O,1500993212,4
CO[C@H]1O[C@@H](CO)[C@H](O)[C@@H](O[C@@H]2O[C@H](CO)[C@H](O)[C@@H](O)[C@@H]2NC(C)=O)[C@@H]1O,253613934,4
CO[C@H]1O[C@@H](CO)[C@H](O)[C@@H](O[C@@H]2O[C@H](CO)[C@H](O)[C@H](O)[C@@H]2NC(C)=O)[C@@H]1O,253613933,4
CC(=O)N[C@@H]1[C@H](O)O[C@H](CO)[C@H](O)[C@@H]1O[C@@H]1O[C@H](CO)[C@H](O)[C@@H](O)[C@@H]1O,247921882,4
CC(=O)N[C@@H]1[C@H](O[C@@H]2[C@H](O)[C@@H](O)O[C@H](CO)[C@H]2O)O[C@H](CO)[C@H](O)[C@H]1O,75759782,4
CC(=O)N[C@H]1[C@H](O)O[C@H](CO[C@@H]2O[C@H](CO)[C@H](O)[C@H](O)[C@H]2O)[C@H](O)[C@@H]1O,31544008,4
CC(=O)N[C@@H]1[C@H](O[C@@H]2[C@H](O)[C@H](O)O[C@H](CO)[C@H]2O)O[C@H](CO)[C@H](O)[C@H]1O,75759785,4
CO[C@@H]1O[C@H](CO)[C@H](O)[C@H](O[C@@H]2O[C@H](CO)[C@H](O)[C@H](O)[C@H]2O)[C@H]1NC(C)=O,25724613,4
CC(=O)N[C@H]1[C@H](O)O[C@H](CO)[C@H](O)[C@@H]1O[C@@H]1O[C@H](CO)[C@H](O)[C@H](O)[C@H]1O,4097368,4
CC(=O)N[C@H]1[C@@H](O)O[C@H](CO)[C@H](O)[C@H]1O[C@@H]1O[C@@H](CO)[C@H](O)[C@@H](O)[C@H]1O,75761008,4
CC(=O)N[C@@H]1C[C@H](O)[C@@H](CO)O[C@H]1O[C@@H]1[C@@H](C(=O)O)O[C@@H](O)[C@H](O)[C@H]1O,4216500,4
CC(=O)N[C@@H]1[C@H](O)O[C@H](CO)[C@H](O)[C@@H]1O[C@@H]1O[C@@H](CO)[C@H](O)[C@H](O)[C@@H]1O,44960071,4
CC(=O)N[C@@H]1[C@H](OCCOCCOCCN=[N+]=[N-])O[C@H](CO)[C@@H](O)[C@@H]1O,252668753,9
CC(=O)N[C@@H]1[C@H](OCCOCCOCCN=[N+]=[N-])O[C@@H](CO)[C@@H](O)[C@@H]1O,257354912,9
CC(=O)N[C@@H]1[C@H](OCCOCCOCCN=[N+]=[N-])O[C@@H](CO)[C@H](O)[C@@H]1O,257354914,9
CC(=O)N[C@@H]1[C@@H](OCCOCCOCCN=[N+]=[N-])O[C@@H](CO)[C@H](O)[C@@H]1O,257354917,9
CC(=O)N[C@H]1[C@@H](OCCOCCOCCN=[N+]=[N-])O[C@H](CO)[C@H](O)[C@@H]1O,216451140,9
CC(=O)N[C@H]1[C@H](OCCOCCOCCN=[N+]=[N-])O[C@@H](CO)[C@H](O)[C@@H]1O,257354911,9
CC(=O)N[C@@H]1[C@@H](OCCOCCOCCN=[N+]=[N-])O[C@H](CO)[C@H](O)[C@@H]1O,216451186,9
CC(=O)N[C@H]1[C@H](OCCOCCOCCN=[N+]=[N-])O[C@H](CO)[C@H](O)[C@@H]1O,257354915,9
CC(=O)N[C@H]1[C@H](O)[C@H](O)[C@H](CO)O[C@H]1OCCOCCOCCN=[N+]=[N-],257354913,9
CC(=O)N[C@@H]1[C@H](OCCOCCOCCN=[N+]=[N-])O[C@H](CO)[C@H](O)[C@@H]1O,252668751,9
CC(=O)N[C@H]1[C@@H](OCCOCCOCCN=[N+]=[N-])O[C@@H](CO)[C@H](O)[C@@H]1O,257354916,9
CC(=O)N[C@H]1[C@H](O)[C@H](O)[C@@H](CO)O[C@H]1OCCOCCOCCN=[N+]=[N-],252668752,9
C#CCOCCOCCOCCO[C@@H]1O[C@@H](CO)[C@@H](O)[C@H](O)[C@H]1NC(C)=O,257355146,9
C#CCOCCOCCOCCO[C@H]1O[C@H](CO)[C@H](O)[C@H](O)[C@H]1NC(C)=O,216450933,9
C#CCOCCOCCOCCO[C@H]1O[C@H](CO)[C@H](O)[C@H](O)[C@@H]1NC(C)=O,216450986,9
CC(=O)N[C@H](C=O)[C@H](O)[C@H](O)[C@H](O)CO[C@H]1O[C@@H](CO)[C@H](O)[C@@H](O)[C@@H]1O,256099228,4
C#CCOCCOCCOCCO[C@@H]1O[C@H](CO)[C@@H](O)[C@H](O)[C@H]1NC(C)=O,257355149,9
C#CCOCCOCCOCCO[C@@H]1O[C@H](CO)[C@@H](O)[C@H](O)[C@@H]1NC(C)=O,257355150,9
CC(=O)N[C@H](C=O)[C@@H](O)[C@H](O)[C@H](O)CO[C@H]1O[C@@H](CO)[C@H](O)[C@@H](O)[C@@H]1O,256099221,4
CC(=O)N[C@@H](C=O)[C@@H](O)[C@H](O[C@@H]1O[C@H](CO)[C@H](O)[C@H](O)[C@H]1O)[C@H](O)CO,12496932,4
C#CCOCCOCCOCCO[C@H]1O[C@@H](CO)[C@H](O)[C@H](O)[C@H]1NC(C)=O,257355147,9
CC(=O)N[C@@H](C=O)[C@@H](O)[C@H](O)[C@H](O)CO[C@H]1O[C@@H](CO)[C@H](O)[C@@H](O)[C@@H]1O,256099225,4
CC(=O)N[C@@H](C=O)[C@H](O)[C@H](O)[C@H](O)CO[C@H]1O[C@@H](CO)[C@H](O)[C@@H](O)[C@@H]1O,256099219,4
C#CCOCCOCCOCCO[C@@H]1O[C@@H](CO)[C@@H](O)[C@H](O)[C@@H]1NC(C)=O,257355145,9
CC(=O)N[C@H]1[C@H](O[C@H](C=O)[C@@H](O)[C@H](O)[C@H](O)CO)O[C@H](CO)[C@@H](O)[C@@H]1O,31539879,4
C#CCOCCOCCOCCO[C@H]1O[C@@H](CO)[C@H](O)[C@H](O)[C@@H]1NC(C)=O,257355148,9
CCOc1ccc(N2C(=O)NC(=O)/C(=C\c3ccc(OCC(=O)O)cc3)C2=O)cc1,4808898,19
COc1ccc(N2C(=O)NC(=O)/C(=C\c3ccc(O[C@H](C)C(=O)O)cc3)C2=O)cc1,2274292,19
COc1ccccc1N1C(=O)NC(=O)/C(=C/c2ccc(N3CCOCC3)cc2)C1=O,4513393,5
COc1cccc(N2C(=O)NC(=O)/C(=C/c3ccc(OC)c(OC)c3OC)C2=O)c1,4823171,5
COc1cc(/C=C2\C(=O)NC(=O)N(c3cccc(C)c3)C2=O)ccc1OCC(=O)O,2909304,5
O=C(O)COc1cccc(/C=C2\C(=O)NC(=O)N(c3ccc(Cl)cc3)C2=O)c1,2248802,5
CCOc1ccc(N2C(=O)NC(=O)/C(=C/c3ccc(OC)c(C(=O)O)c3)C2=O)cc1,5023807,19
COc1cc(/C=C2\C(=O)NC(=O)N(c3ccc(C)c(C)c3)C2=O)ccc1OCC(=O)O,2248754,5
COc1ccc(N2C(=O)NC(=O)/C(=C\c3cc(OC)c(OC)cc3OC)C2=O)cc1,1233282,19
COc1ccccc1N1C(=O)NC(=O)/C(=C/c2cc(OC)c(OC)c(OC)c2)C1=O,5043585,5
COc1ccc(N2C(=O)NC(=O)/C(=C\c3ccc(OC)c(OC)c3OC)C2=O)cc1,1192467,19
CCOc1cc(/C=C2\C(=O)NC(=O)N(c3ccc(C(=O)OC)cc3)C2=O)ccc1O,1178264,19
O=C(O)COc1ccc(/C=C2\C(=O)NC(=O)N(c3ccccc3)C2=O)cc1Cl,2727019,5
COc1ccc(N2C(=O)NC(=O)/C(=C\c3cc(OC)c(OC)c(OC)c3)C2=O)cc1,1192475,19
COc1ccc(N2C(=O)NC(=O)/C(=C\c3ccc(N4CCOCC4)cc3)C2=O)cc1,5810711,19
COc1cccc(N2C(=O)NC(=O)/C(=C\c3ccc(OC)c(OC)c3OC)C2=O)c1,1197230,5
COc1ccc(N2C(=O)NC(=O)/C(=C/c3c(OC)cc(OC)cc3OC)C2=O)cc1,4815225,19
COc1cccc(N2C(=O)NC(=O)/C(=C\c3cc(OC)c(OC)c(OC)c3)C2=O)c1,1197239,5
COc1ccc(N2C(=O)NC(=O)/C(=C\c3ccc(O[C@@H](C)C(=O)O)cc3)C2=O)cc1,2274290,19
COc1cccc(N2C(=O)NC(=O)/C(=C/c3cc(OC)c(OC)cc3OC)C2=O)c1,4808939,5
COc1cccc(N2C(=O)NC(=O)/C(=C/c3c(OC)cc(OC)cc3OC)C2=O)c1,4807768,5
CCOc1cccc(N2C(=O)NC(=O)/C(=C/c3cc4c(cc3OC)OCO4)C2=O)c1,409099719,5
CCOc1ccccc1N1C(=O)NC(=O)/C(=C\c2cc(OC)c(O)c(OC)c2)C1=O,409231806,5
Cc1ccc(Cl)cc1N1C(=O)NC(=O)/C(=C\c2ccc(OCC(N)=O)cc2)C1=O,409224658,5
CCOc1ccc(/C=C2\C(=O)NC(=O)N(c3ccc4c(c3)OCO4)C2=O)cc1OC,408954593,19
COc1cc(C)c(/C=C2\C(=O)NC(=O)N(c3ccc4c(c3)OCO4)C2=O)cc1OC,408549230,5
O=C(O)COc1ccc(/C=C2\C(=O)NC(=O)N(c3cccc(Cl)c3)C2=O)cc1,409046400,5
COc1cccc(/C=C2\C(=O)NC(=O)N(c3ccccc3)C2=O)c1O[C@@H](C)C(=O)O,409232528,5
O=C(O)COc1cccc(/C=C2/C(=O)NC(=O)N(c3ccccc3Cl)C2=O)c1,409069106,5
COc1cccc(N2C(=O)NC(=O)/C(=C/c3ccc(OC(C)=O)c(OC)c3)C2=O)c1,408537914,5
CCOc1ccc(C(=O)O)cc1/C=C1\C(=O)NC(=O)N(c2ccc(OC)cc2)C1=O,408827124,19
Cc1ccc(N2C(=O)NC(=O)/C(=C\c3ccc(OCC(N)=O)cc3)C2=O)cc1Cl,409226236,5
CCc1ccc(N2C(=O)NC(=O)/C(=C/c3ccc(OCC(=O)OC)cc3)C2=O)cc1,408989979,19
O=C(O)COc1ccc(/C=C2\C(=O)NC(=O)N(c3ccc(O)cc3)C2=O)cc1Cl,409044989,5
Cc1ccc(Cl)cc1N1C(=O)NC(=O)/C(=C/c2cccc(OCC(N)=O)c2)C1=O,409218498,5
CCOc1cc(/C=C2/C(=O)NC(=O)N(c3ccc(C(=O)OC)cc3)C2=O)ccc1O,16688763,19
O=C(O)COc1ccc(Cl)cc1/C=C1\C(=O)NC(=O)N(c2ccccc2)C1=O,409050001,5
COc1cc(/C=C2/C(=O)NC(=O)N(c3ccccc3OC)C2=O)ccc1OC(C)=O,408534855,5
CCOc1ccc(N2C(=O)NC(=O)/C(=C/c3cc4c(cc3OC)OCO4)C2=O)cc1,409111810,19
COc1ccc(N2C(=O)NC(=O)/C(=C/c3ccc(OC(C)=O)c(OC)c3)C2=O)cc1,408530268,19
CCOc1cc(/C=C2\C(=O)NC(=O)N(c3ccc4c(c3)OCO4)C2=O)ccc1OC,408860266,19
O=C(O)COc1ccc(/C=C2\C(=O)NC(=O)N(c3ccccc3Cl)C2=O)cc1,409048408,5
CCOc1cc2c(cc1/C=C1/C(=O)NC(=O)N(c3ccc(OC)cc3)C1=O)OCO2,409105440,19
CCOC(=O)COc1ccccc1/C=C1\C(=O)NC(=O)N(c2cccc(F)c2)C1=O,408914608,5
CCOC(=O)COc1cc(/C=C2/C(=O)NC(=O)N(c3ccccc3)C2=O)ccc1OC,409213593,5
O=C(O)COc1ccc(Cl)cc1/C=C1\C(=O)NC(=O)N(c2ccc(O)cc2)C1=O,409042819,5
COc1cccc(/C=C2\C(=O)NC(=O)N(c3ccccc3)C2=O)c1O[C@H](C)C(=O)O,409232527,5
COc1cc(/C=C2\C(=O)NC(=O)N(c3ccc(C)cc3)C2=O)ccc1OCC(=O)O,408770880,5
CCOc1ccc(/C=C2\C(=O)NC(=O)N(c3ccc(C(=O)O)cc3)C2=O)cc1OC,408937344,19
CCOc1cccc(/C=C2/C(=O)NC(=O)N(c3ccccc3)C2=O)c1OCC(=O)O,409218415,5
Cc1ccc(N2C(=O)NC(=O)/C(=C\c3ccccc3OCC(N)=O)C2=O)cc1Cl,409224955,5
CCOc1ccc(N2C(=O)NC(=O)/C(=C/c3cccc(OCC(=O)O)c3)C2=O)cc1,409072938,19
Cc1ccc(N2C(=O)NC(=O)/C(=C/c3cccc(OCC(N)=O)c3)C2=O)cc1Cl,409221912,5
COc1cc(/C=C2\C(=O)NC(=O)N(c3cc(C)cc(C)c3)C2=O)ccc1OCC(=O)O,408775025,5
CCOC(=O)COc1ccc(/C=C2\C(=O)NC(=O)N(c3ccc(F)cc3)C2=O)cc1,408856702,19
CCOc1cc(/C=C2\C(=O)NC(=O)N(c3ccc(C(=O)O)cc3)C2=O)ccc1OC,408936501,19
CCOc1ccc(/C=C2\C(=O)NC(=O)N(c3ccc(OC)cc3)C2=O)cc1C(=O)O,6351477,19
COc1ccc(N2C(=O)NC(=O)/C(=C\c3ccccc3O[C@@H](C)C(=O)O)C2=O)cc1,409189308,19
O=C(O)COc1cccc(/C=C2/C(=O)NC(=O)N(c3cccc(Cl)c3)C2=O)c1,409068033,5
CCOc1cc2c(cc1/C=C1\C(=O)NC(=O)N(c3ccc4c(c3)OCO4)C1=O)OCO2,408952415,19
COc1ccc(N2C(=O)NC(=O)/C(=C\c3ccccc3O[C@H](C)C(=O)O)C2=O)cc1,409189309,19
O=C(O)COc1ccccc1/C=C1\C(=O)NC(=O)N(c2cccc(Cl)c2)C1=O,409046233,5
CCc1ccc(N2C(=O)NC(=O)/C(=C/c3ccccc3OCC(=O)OC)C2=O)cc1,408990107,5
O=C(O)COc1ccccc1/C=C1\C(=O)NC(=O)N(c2ccc(Cl)cc2)C1=O,408783701,5
CCOC(=O)COc1ccc(/C=C2\C(=O)NC(=O)N(c3cccc(F)c3)C2=O)cc1,408913664,5
CCOc1ccc(N2C(=O)NC(=O)/C(=C\c3ccccc3OCC(=O)O)C2=O)cc1,2281291,5
O=C(O)COc1ccccc1/C=C1\C(=O)NC(=O)N(c2ccccc2Cl)C1=O,409047383,5
NC(=O)COc1ccc(/C=C2\C(=O)NC(=O)N(c3ccc(F)cc3)C2=O)cc1Cl,409226123,5
C#CCOc1cc(OC)ccc1/C=C1\C(=O)NC(=O)N(c2ccc(OC)cc2)C1=O,408819652,19
C#CCOc1ccc(/C=C2\C(=O)NC(=O)N(c3ccc([N+](=O)[O-])cc3)C2=O)cc1OC,408937293,19
C#CCOc1ccc(/C=C2\C(=O)NC(=O)N(c3cccc([N+](=O)[O-])c3)C2=O)cc1OC,408809611,5
C#CCOc1ccc(/C=C2\C(=O)NC(=O)N(c3ccc(C(=O)OC)cc3)C2=O)cc1,408803719,19
C#CCOc1ccc(/C=C2\C(=O)NC(=O)N(c3ccc(OC)cc3)C2=O)cc1OC,408801711,19
C#CCOc1ccc(/C=C2\C(=O)NC(=O)N(c3ccc(O)cc3)C2=O)cc1OCC,5006503,19
CCCN1C(=O)NC(=O)[C@@]2(Cc3cc([N+](=O)[O-])ccc3N3CCCCC[C@H]32)C1=O,230038694,6
C[C@H]1CCN2c3ccc([N+](=O)[O-])cc3C[C@@]3(C(=O)NC(=S)N(C4CC4)C3=O)[C@@H]2C1,17057401,6
CC[C@@H](C)N1C(=O)NC(=O)[C@@]2(Cc3cc([N+](=O)[O-])ccc3N3CCCC[C@@H]32)C1=O,8997069,6
C[C@H]1CCN2c3ccc([N+](=O)[O-])cc3C[C@]3(C(=O)NC(=S)N(C4CC4)C3=O)[C@@H]2C1,8739146,6
CC1(C)C[C@@H]2C[C@](C)(C1)[C@@H]1N2c2ccc([N+](=O)[O-])cc2CC12C(=O)NC(=O)NC2=O,9111243,6
CCCN1C(=O)[C@@]2(Cc3cc([N+](=O)[O-])ccc3N3CCCC[C@H]32)C(=O)NC1=S,230042035,6
CC[C@@H](C)N1C(=O)NC(=O)[C@]2(Cc3cc([N+](=O)[O-])ccc3N3CCCC[C@@H]32)C1=O,8994235,6
CCCN1C(=O)[C@]2(Cc3cc([N+](=O)[O-])ccc3N3CCCC[C@@H]32)C(=O)NC1=S,9122835,6
CCCN1C(=O)[C@@]2(Cc3cc([N+](=O)[O-])ccc3N3CCCC[C@@H]32)C(=O)NC1=S,9122834,6
CCCN1C(=O)[C@]2(Cc3cc([N+](=O)[O-])ccc3N3CCCC[C@H]32)C(=O)NC1=S,230042029,6
CC1(C)C[C@H]2C[C@](C)(C1)[C@@H]1N2c2ccc([N+](=O)[O-])cc2CC12C(=O)NC(=O)NC2=O,101346121,6
CC1(C)C[C@@H]2C[C@@](C)(C1)[C@@H]1N2c2ccc([N+](=O)[O-])cc2CC12C(=O)NC(=O)NC2=O,101346119,6
CN1C(=O)NC(=O)[C@@]2(Cc3cc([N+](=O)[O-])ccc3N3C[C@@H](c4ccccc4)C[C@@H]32)C1=O,9128882,6
CN1C(=O)NC(=O)[C@]2(Cc3cc([N+](=O)[O-])ccc3N3C[C@@H](c4ccccc4)C[C@@H]32)C1=O,9128881,6
CC[C@H](C)N1C(=O)NC(=O)[C@]2(Cc3cc([N+](=O)[O-])ccc3N3CCCC[C@H]32)C1=O,229901411,6
CC(C)N1C(=O)NC(=O)[C@]2(Cc3cc([N+](=O)[O-])ccc3N3CCCCC[C@@H]32)C1=O,9016115,6
CCN1C(=O)[C@]2(Cc3cc([N+](=O)[O-])ccc3N3CC[C@@H](C)C[C@H]32)C(=O)N(C)C1=S,230030475,6
CCCN1C(=O)NC(=O)[C@]2(Cc3cc([N+](=O)[O-])ccc3N3CC[C@@H](C)C[C@H]32)C1=O,230038719,6
CCN1C(=O)C2(Cc3cc([N+](=O)[O-])ccc3N3CCCC[C@H]32)C(=O)N(CC)C1=S,5896703,6
O=C1NC(=S)N(C2CC2)C(=O)[C@]12Cc1cc([N+](=O)[O-])ccc1N1CCCCC[C@H]12,9109824,6
O=C1NC(=O)[C@@]2(Cc3cc([N+](=O)[O-])ccc3N3CCC[C@@H]32)C(=O)N1Cc1ccccc1,8974817,6
CCN1C(=O)[C@@]2(Cc3cc([N+](=O)[O-])ccc3N3CCCC[C@@H]32)C(=O)N(C)C1=S,4624649,6
CCN1C(=O)[C@]2(Cc3cc([N+](=O)[O-])ccc3N3CC[C@H](C)C[C@@H]32)C(=O)N(C)C1=S,248004789,6
CN1C(=O)C2(Cc3cc([N+](=O)[O-])ccc3N3CCCCC[C@H]32)C(=O)N(C)C1=S,6672855,6
CCCN1C(=O)NC(=O)[C@]2(Cc3cc([N+](=O)[O-])ccc3N3CCCCC[C@@H]32)C1=O,4594382,6
CC[C@H](C)N1C(=O)NC(=O)[C@]2(Cc3cc([N+](=O)[O-])ccc3N3CCCC[C@@H]32)C1=O,8994237,6
CCN1C(=O)[C@]2(Cc3cc([N+](=O)[O-])ccc3N3CC[C@@H](C)C[C@@H]32)C(=O)N(C)C1=S,4624654,6
CCCN1C(=O)N(C)C(=O)[C@@]2(Cc3cc([N+](=O)[O-])ccc3N3CCCC[C@@H]32)C1=O,4594358,6
CC(C)N1C(=O)NC(=O)[C@@]2(Cc3cc([N+](=O)[O-])ccc3N3CCCCC[C@@H]32)C1=O,9016116,6
CC(C)N1C(=O)[C@]2(Cc3cc([N+](=O)[O-])ccc3N3CCCC[C@@H]32)C(=O)NC1=S,8742946,6
CN1C(=O)C2(Cc3cc([N+](=O)[O-])ccc3N3CCCCC[C@@H]32)C(=O)N(C)C1=S,6672850,6
CCCN1C(=O)NC(=O)[C@]2(Cc3cc([N+](=O)[O-])ccc3N3CCCCC[C@H]32)C1=O,230038701,6
CCCN1C(=O)N(C)C(=O)[C@@]2(Cc3cc([N+](=O)[O-])ccc3N3CCCC[C@H]32)C1=O,230038624,6
C[C@@H]1CCN2c3ccc([N+](=O)[O-])cc3C[C@@]3(C(=O)NC(=S)N(C4CC4)C3=O)[C@@H]2C1,17057399,6
O=C(NCCCN1CCCC1=O)[C@@H]1Cc2cc([N+](=O)[O-])ccc2N2CCCC[C@@H]12,23187119,6
CCN1C(=O)[C@]2(Cc3cc([N+](=O)[O-])ccc3N3CC[C@H](C)C[C@H]32)C(=O)N(C)C1=S,248004777,6
CCCN1C(=O)NC(=O)[C@@]2(Cc3cc([N+](=O)[O-])ccc3N3CCCCC[C@@H]32)C1=O,4594385,6
CC(C)N1C(=O)NC(=O)[C@]2(Cc3cc([N+](=O)[O-])ccc3N3CCCCC[C@H]32)C1=O,229887141,6
CCN1C(=O)[C@]2(Cc3cc([N+](=O)[O-])ccc3N3CCCC[C@@H]32)C(=O)N(C)C1=S,4624652,6
CCCN1C(=O)NC(=O)[C@]2(Cc3cc([N+](=O)[O-])ccc3N3CC[C@@H](C)C[C@@H]32)C1=O,4594387,6
O=C1NC(=S)N(C2CC2)C(=O)[C@]12Cc1cc([N+](=O)[O-])ccc1N1CCCCC[C@@H]12,9109822,6
CCN1C(=O)[C@@]2(Cc3cc([N+](=O)[O-])ccc3N3CCCC[C@H]32)C(=O)N(C)C1=S,230030467,6
CN1C(=O)NC(=O)[C@]2(Cc3cc([N+](=O)[O-])ccc3N3C[C@H](c4ccccc4)C[C@H]32)C1=O,229904724,6
O=C(NCCCN1CCCC1=O)[C@H]1Cc2cc([N+](=O)[O-])ccc2N2CCCC[C@H]12,36075293,6
CN1C(=O)C2(Cc3cc([N+](=O)[O-])ccc3N3CCCC[C@]32C)C(=O)N(C)C1=S,6671629,6
CN1C(=O)NC(=O)[C@]2(Cc3cc([N+](=O)[O-])ccc3N3C[C@@H](c4ccccc4)C[C@H]32)C1=O,245325959,6
CC1(C)C[C@H]2C[C@@](C)(C1)[C@@H]1N2c2ccc([N+](=O)[O-])cc2CC12C(=O)NC(=O)NC2=O,9111242,6
O=C1NC(=S)N(C2CC2)C(=O)[C@@]12Cc1cc([N+](=O)[O-])ccc1N1CCCCC[C@@H]12,9109821,6
CCN1C(=O)[C@@]2(Cc3cc([N+](=O)[O-])ccc3N3CC[C@@H](C)C[C@@H]32)C(=O)N(C)C1=S,4624653,6
CCN1C(=O)[C@]2(Cc3cc([N+](=O)[O-])ccc3N3CCCC[C@H]32)C(=O)N(C)C1=S,230030464,6
CC(C)N1C(=O)NC(=O)[C@@]2(Cc3cc([N+](=O)[O-])ccc3N3CCCCC[C@H]32)C1=O,229887134,6
O=C(NCCCN1CCCC1=O)[C@@H]1Cc2cc([N+](=O)[O-])ccc2N2CCCC[C@H]12,36075294,6
O=C1NC(=S)N(C2CC2)C(=O)[C@@]12Cc1cc([N+](=O)[O-])ccc1N1CCCCC[C@H]12,9109823,6
O=C1NC(=O)[C@@]2(Cc3cc([N+](=O)[O-])ccc3N3CCC[C@H]32)C(=O)N1Cc1ccccc1,229904919,6
C[C@@H]1CCN2c3ccc([N+](=O)[O-])cc3C[C@]3(C(=O)NC(=S)N(C4CC4)C3=O)[C@@H]2C1,8739145,6
CCCN1C(=O)NC(=O)[C@@]2(Cc3cc([N+](=O)[O-])ccc3N3CC[C@@H](C)C[C@@H]32)C1=O,4594390,6
CCCN1C(=O)N(C)C(=O)[C@]2(Cc3cc([N+](=O)[O-])ccc3N3CCCC[C@H]32)C1=O,230038631,6
CC[C@H](C)N1C(=O)NC(=O)[C@@]2(Cc3cc([N+](=O)[O-])ccc3N3CCCC[C@@H]32)C1=O,8997070,6
CN1C(=O)NC(=O)[C@]2(Cc3cc([N+](=O)[O-])ccc3N3C[C@H](c4ccccc4)C[C@@H]32)C1=O,245325961,6
CCCN1C(=O)N(C)C(=O)[C@]2(Cc3cc([N+](=O)[O-])ccc3N3CCCC[C@@H]32)C1=O,4594356,6
CN1C(=O)C2(Cc3cc([N+](=O)[O-])ccc3N3CCCC[C@@]32C)C(=O)N(C)C1=S,6671631,6
CCCN1C(=O)NC(=O)[C@]2(Cc3cc([N+](=O)[O-])ccc3N3CC[C@H](C)C[C@H]32)C1=O,247845777,6
CC(C)N1C(=O)[C@@]2(Cc3cc([N+](=O)[O-])ccc3N3CCCC[C@@H]32)C(=O)NC1=S,8742945,6
O=C1NC(=O)[C@@]2(Cc3cc([N+](=O)[O-])ccc3N3CCC[C@H]32)C(=O)N1c1ccccc1,229901215,6
CC[C@H](C)N1C(=O)NC(=O)[C@@]2(Cc3cc([N+](=O)[O-])ccc3N3CCCC[C@H]32)C1=O,229901397,6
O=C(NCCCN1CCCC1=O)[C@H]1Cc2cc([N+](=O)[O-])ccc2N2CCCC[C@@H]12,23187121,6
CCCN1C(=O)NC(=O)[C@]2(Cc3cc([N+](=O)[O-])ccc3N3CC[C@H](C)C[C@@H]32)C1=O,103018396,6
CCN1C(=O)C2(Cc3cc([N+](=O)[O-])ccc3N3CCCC[C@@H]32)C(=O)N(CC)C1=S,5896696,6
O=C1NC(=O)[C@]2(Cc3cc([N+](=O)[O-])ccc3N3CCC[C@@H]32)C(=O)N1Cc1ccccc1,8974816,6
Cc1c(Cl)cccc1N1/C(=N/C(=O)CCC(=O)O)S[C@H]2CS(=O)(=O)C[C@@H]21,5516365,1
Cc1c(Cl)cccc1N1/C(=N/C(=O)CCC(=O)O)S[C@H]2CS(=O)(=O)C[C@H]21,5516364,1
C=CCN1C(=O)/C(=C/c2c(NCCOC)nc3c(C)cccn3c2=O)SC1=S,12747073,15
CN1C(=O)/C(=C/c2c(NC[C@@H]3CCCO3)nc3ccccn3c2=O)SC1=S,1250932,3
CC[C@H](CO)Nc1nc2c(C)cccn2c(=O)c1/C=C1\SC(=S)N(CC)C1=O,13647445,15
CCCCN1C(=O)/C(=C/c2c(NCCCO)nc3ccccn3c2=O)SC1=S,1835507,3
CC[C@@H](CO)Nc1nc2c(C)cccn2c(=O)c1/C=C1\SC(=S)N(CC)C1=O,13647442,15
CCCNc1nc2ccccn2c(=O)c1/C=C1\SC(=S)N(CCOC)C1=O,12759906,3
CCCCN1C(=O)/C(=C\c2c(NCCO)nc3c(C)cccn3c2=O)SC1=S,6042632,15
COCCN1C(=O)/C(=C/c2c(N3CCCC3)nc3ccccn3c2=O)SC1=S,6627073,3
Cc1cccn2c(=O)c(/C=C3\SC(=S)N(C(C)C)C3=O)c(NCCO)nc12,2390523,15
COCCNc1nc2ccccn2c(=O)c1/C=C1\SC(=S)N(C(C)C)C1=O,1905292,3
CCN1C(=O)/C(=C/c2c(N3CCOCC3)nc3c(C)cccn3c2=O)SC1=S,1190366,15
Cc1cccn2c(=O)c(/C=C3\SC(=S)N(C)C3=O)c(NC[C@H]3CCCO3)nc12,12796838,15
CC[C@@H](CO)Nc1nc2c(C)cccn2c(=O)c1/C=C1\SC(=S)N(C)C1=O,13647674,15
CCCCN1C(=O)/C(=C\c2c(NCCO)nc3ccccn3c2=O)SC1=S,5825116,3
CCCCN1C(=O)/C(=C/c2c(NCCO)nc3c(C)cccn3c2=O)SC1=S,2992050,15
CCN1C(=O)/C(=C\c2c(N3CCOCC3)nc3ccc(C)cn3c2=O)SC1=S,6046414,15
CCCN1C(=O)/C(=C/c2c(NCCOC)nc3ccccn3c2=O)SC1=S,1805162,3
CC[C@H](C)N1C(=O)/C(=C/c2c(NCCO)nc3c(C)cccn3c2=O)SC1=S,5042501,15
CCN1C(=O)/C(=C/c2c(N3CCSCC3)nc3ccccn3c2=O)SC1=S,2329911,3
CC(C)CN1C(=O)/C(=C/c2c(NCCCO)nc3ccccn3c2=O)SC1=S,1883110,3
Cc1ccc2nc(NCCCN(C)C)c(/C=C3\SC(=S)N(C)C3=O)c(=O)n2c1,2712984,3
Cc1cccn2c(=O)c(/C=C3\SC(=S)NC3=O)c(NC[C@H]3CCCO3)nc12,13427398,15
Cc1cccn2c(=O)c(/C=C3\SC(=S)N(C)C3=O)c(N3CCSCC3)nc12,9014081,15
CNc1nc2c(C)cccn2c(=O)c1/C=C1\SC(=S)N(C[C@H]2CCCO2)C1=O,13427020,15
CC[C@H](C)N1C(=O)/C(=C/c2c(NCCO)nc3ccc(C)cn3c2=O)SC1=S,2620773,3
CCCCN1C(=O)/C(=C/c2c(NCCO)nc3ccccn3c2=O)SC1=S,2228031,3
CNc1nc2ccccn2c(=O)c1/C=C1\SC(=S)N(C[C@H]2CCCO2)C1=O,13551863,3
CNc1nc2ccccn2c(=O)c1/C=C1\SC(=S)N(C[C@@H]2CCCO2)C1=O,13551860,3
CC[C@@H](C)N1C(=O)/C(=C/c2c(NCCO)nc3ccc(C)cn3c2=O)SC1=S,6355837,3
CCNc1nc2ccccn2c(=O)c1/C=C1\SC(=S)N(CCCC(=O)O)C1=O,12377928,3
CC[C@@H](C)N1C(=O)/C(=C/c2c(NCCO)nc3ccccn3c2=O)SC1=S,5042498,3
CN(C)c1nc2ccccn2c(=O)c1/C=C1\SC(=S)N(C[C@@H]2CCCO2)C1=O,13535685,3
CCCN1C(=O)/C(=C\c2c(NCCOC)nc3ccccn3c2=O)SC1=S,5850784,3
CC[C@H](CO)Nc1nc2c(C)cccn2c(=O)c1/C=C1\SC(=S)N(C)C1=O,13647677,15
CC[C@H](C)N1C(=O)/C(=C/c2c(NCCO)nc3ccccn3c2=O)SC1=S,5042499,3
CN1C(=O)/C(=C/c2c(NC[C@H]3CCCO3)nc3ccccn3c2=O)SC1=S,1250930,3
CCCCN1C(=O)/C(=C\c2c(NCCCO)nc3ccccn3c2=O)SC1=S,6068454,3
CCCN1C(=O)/C(=C/c2c(N3CCOCC3)nc3ccccn3c2=O)SC1=S,1166576,3
Cc1cccn2c(=O)c(/C=C3\SC(=S)N(C)C3=O)c(NC[C@@H]3CCCO3)nc12,12796836,15
CC(C)N1C(=O)/C(=C\c2c(N3CCOCC3)nc3ccccn3c2=O)SC1=S,5834737,3
Cc1cccn2c(=O)c(/C=C3\SC(=S)NC3=O)c(NC[C@@H]3CCCO3)nc12,13427396,15
CC(C)N1C(=O)/C(=C/c2c(NCCCO)nc3ccccn3c2=O)SC1=S,1835888,3
CCN1C(=O)/C(=C/c2c(N3CCOCC3)nc3ccc(C)cn3c2=O)SC1=S,4811875,15
CNc1nc2c(C)cccn2c(=O)c1/C=C1\SC(=S)N(C[C@@H]2CCCO2)C1=O,13427018,15
CC[C@@H](C)N1C(=O)/C(=C/c2c(NCCO)nc3c(C)cccn3c2=O)SC1=S,5042500,15
CC(C)CNc1nc2ccccn2c(=O)c1/C=C1\SC(=S)N(CC(=O)O)C1=O,2255316,3
CCCN1C(=O)/C(=C/c2c(NCCCO)nc3ccccn3c2=O)SC1=S,1836670,3
CCN1C(=O)/C(=C/c2c(NCCOC)nc3c(C)cccn3c2=O)SC1=S,1749591,15
CN1C(=O)/C(=C/c2c(N3CCSCC3)nc3ccccn3c2=O)SC1=S,2252545,3
CC(C)N1C(=O)/C(=C/c2c(N3CCOCC3)nc3ccccn3c2=O)SC1=S,1252757,3
CC[C@@H](CO)Nc1nc2ccccn2c(=O)c1/C=C1\SC(=S)N(CC)C1=O,16736179,3
CC[C@H](CO)Nc1nc2ccccn2c(=O)c1/C=C1\SC(=S)N(CC)C1=O,16736182,3
CCOCCCNc1nc2ccccn2c(=O)c1/C=C1\SC(=S)N(C)C1=O,13618232,3
CCN1C(=O)/C(=C\c2c(N3CCOCC3)nc3c(C)cccn3c2=O)SC1=S,5790772,15
CCN1C(=O)/C(=C/c2c(NCCCOC)nc3ccccn3c2=O)SC1=S,4311304,3
Cc1cccn2c(=O)c(/C=C3\SC(=S)N(CC(C)C)C3=O)c(NCCO)nc12,2520566,15
CN(C)c1nc2ccccn2c(=O)c1/C=C1\SC(=S)N(C[C@H]2CCCO2)C1=O,13535689,3
C=CCN1C(=O)/C(=C\c2c(NCCOC)nc3ccccn3c2=O)SC1=S,2252322,3
C=CCNc1nc2ccccn2c(=O)c1/C=C1\SC(=S)N(CCOC)C1=O,2986462,3
COc1cccc(N(CC(=O)Nc2cc([N+](=O)[O-])ccc2OC)S(C)(=O)=O)c1,1141843,2
COc1ccc(C)cc1NC(=O)CN(c1cc([N+](=O)[O-])ccc1OC)S(C)(=O)=O,409409255,2
CCOc1ccc(NC(=O)CN(c2cc([N+](=O)[O-])ccc2OC)S(C)(=O)=O)cc1,108022823,2
COc1ccc(NC(=O)[C@@H](C)N(c2cccc([N+](=O)[O-])c2)S(C)(=O)=O)c(OC)c1,220401996,11
COCc1cccc(NC(=O)CN(c2cc([N+](=O)[O-])ccc2OC)S(C)(=O)=O)c1,223882986,2
COc1ccc(OC)c(N([C@H](C)C(=O)Nc2cccc([N+](=O)[O-])c2)S(C)(=O)=O)c1,220214775,11
COc1ccc(OC)c(NC(=O)[C@H](C)N(c2cccc([N+](=O)[O-])c2)S(C)(=O)=O)c1,220402384,11
COc1ccc([N+](=O)[O-])cc1NC(=O)CN(c1ccccc1OC)S(C)(=O)=O,409120973,2
COc1cccc(N([C@H](C)C(=O)Nc2cc([N+](=O)[O-])ccc2OC)S(C)(=O)=O)c1,220170115,11
COc1cccc(N([C@@H](C)C(=O)Nc2cc([N+](=O)[O-])ccc2OC)S(C)(=O)=O)c1,220170059,11
COc1ccc(OC)c(N(CC(=O)Nc2cc([N+](=O)[O-])ccc2C)S(C)(=O)=O)c1,409330985,2
COc1ccc(NC(=O)[C@H](C)N(c2cccc([N+](=O)[O-])c2)S(C)(=O)=O)c(OC)c1,220402059,11
COc1ccc(OC)c(N([C@@H](C)C(=O)Nc2cccc([N+](=O)[O-])c2)S(C)(=O)=O)c1,220214700,11
COc1ccccc1NC(=O)CN(c1cc([N+](=O)[O-])ccc1OC)S(C)(=O)=O,35152290,2
COc1ccc(OC)c(NC(=O)[C@@H](C)N(c2cccc([N+](=O)[O-])c2)S(C)(=O)=O)c1,220402308,11
COc1ccc([N+](=O)[O-])cc1NC(=O)CN(c1ccc(F)c(F)c1)S(C)(=O)=O,408679478,2
COc1ccc(N([C@@H](C)C(=O)Nc2cccc([N+](=O)[O-])c2)S(C)(=O)=O)cc1OC,220233774,11
CCOc1cccc(NC(=O)CN(c2cc([N+](=O)[O-])ccc2OC)S(C)(=O)=O)c1,10294689,2
CCS(=O)(=O)N(CC(=O)Nc1cccc([N+](=O)[O-])c1)c1ccc2c(c1)OCO2,408703697,2
COc1ccc(N(CC(=O)Nc2cc([N+](=O)[O-])ccc2OC)S(C)(=O)=O)cc1,409138455,2
COc1ccc(NC(=O)CN(c2cccc([N+](=O)[O-])c2C)S(C)(=O)=O)c(OC)c1,220024583,2
COc1ccc(N([C@H](C)C(=O)Nc2cccc([N+](=O)[O-])c2)S(C)(=O)=O)cc1OC,220233849,11
COc1ccc([N+](=O)[O-])cc1NC(=O)CN(c1cc(C)ccc1OC)S(C)(=O)=O,409121405,2
CCS(=O)(=O)N(CC(=O)Nc1cccc([N+](=O)[O-])c1)c1ccc2c(c1)OCCO2,408705315,2
COc1ccc(OC)c(NC(=O)CN(c2cccc([N+](=O)[O-])c2C)S(C)(=O)=O)c1,220024758,2
COc1ccc([N+](=O)[O-])cc1N(CC(=O)Nc1ccc(F)cc1F)S(C)(=O)=O,113936896,2
CCOc1ccccc1N(CC(=O)Nc1cc([N+](=O)[O-])ccc1OC)S(C)(=O)=O,409146244,2
CCOc1cccc(N(CC(=O)Nc2cc([N+](=O)[O-])ccc2OC)S(C)(=O)=O)c1,22391063,2
COc1ccc([N+](=O)[O-])cc1NC(=O)CN(c1ccc(F)cc1F)S(C)(=O)=O,220086456,2
COc1ccc(NC(=O)[C@H](C)N(c2cccc([N+](=O)[O-])c2)S(C)(=O)=O)cc1OC,220402705,11
COc1ccc(OC)c(NC(=O)CN(c2cc([N+](=O)[O-])ccc2C)S(C)(=O)=O)c1,10358440,2
COc1cccc(NC(=O)CN(c2cc([N+](=O)[O-])ccc2OC)S(C)(=O)=O)c1,33382662,2
COc1ccc(OC)c(N(CC(=O)Nc2cccc([N+](=O)[O-])c2C)S(C)(=O)=O)c1,409312601,2
COc1ccc(NC(=O)[C@@H](C)N(c2cccc([N+](=O)[O-])c2)S(C)(=O)=O)cc1OC,220402642,11
COc1ccc(NC(=O)CN(c2cc([N+](=O)[O-])ccc2OC)S(C)(=O)=O)cc1,33397918,2
COc1ccc([N+](=O)[O-])cc1N(CC(=O)Nc1ccc(F)c(F)c1)S(C)(=O)=O,113937048,2
COc1ccc(N(CC(=O)Nc2cccc([N+](=O)[O-])c2)S(C)(=O)=O)c(OC)c1,1138640,2
COc1ccc([N+](=O)[O-])cc1N(CC(=O)Nc1cccc(C(C)=O)c1)S(C)(=O)=O,2877888,2
COc1ccc(OC)c(NC(=O)CN(c2cccc([N+](=O)[O-])c2)S(C)(=O)=O)c1,1137351,21
COc1ccc(NC(=O)CN(c2cc([N+](=O)[O-])ccc2C)S(C)(=O)=O)c(OC)c1,2844543,2
COc1ccc(NC(=O)CN(c2cccc([N+](=O)[O-])c2)S(C)(=O)=O)cc1OC,1115910,21
CCOc1ccc(N(CC(=O)Nc2cc([N+](=O)[O-])ccc2OC)S(C)(=O)=O)cc1,1118443,2
COc1ccc([N+](=O)[O-])cc1N(CC(=O)Nc1c(F)cccc1F)S(C)(=O)=O,2871981,2
COc1ccc(N([C@H](C)C(=O)Nc2cc([N+](=O)[O-])ccc2OC)S(C)(=O)=O)cc1,1144011,11
COc1ccc(N(CC(=O)Nc2cccc([N+](=O)[O-])c2)S(C)(=O)=O)cc1OC,1132150,2
COc1ccc(N(CC(=O)Nc2cc([N+](=O)[O-])ccc2C)S(C)(=O)=O)c(OC)c1,16347398,2
COc1ccc(N(CC(=O)Nc2cccc([N+](=O)[O-])c2C)S(C)(=O)=O)c(OC)c1,16250192,2
COc1ccc(OC)c(N(CC(=O)Nc2cccc([N+](=O)[O-])c2)S(C)(=O)=O)c1,1137174,2
CCOc1ccccc1NC(=O)CN(c1cc([N+](=O)[O-])ccc1OC)S(C)(=O)=O,16693519,2
COc1ccc([N+](=O)[O-])cc1NC(=O)CN(c1cccc(C(C)=O)c1)S(C)(=O)=O,3017740,2
COc1ccc(NC(=O)CN(c2cccc([N+](=O)[O-])c2)S(C)(=O)=O)c(OC)c1,1137621,21
COc1ccc(N([C@@H](C)C(=O)Nc2cc([N+](=O)[O-])ccc2OC)S(C)(=O)=O)cc1,1144009,11
COc1ccc(N(CC(=O)Nc2cc([N+](=O)[O-])ccc2C)S(C)(=O)=O)cc1OC,2851378,2
CCOc1ccc(CNC(=O)CN(c2cccc([N+](=O)[O-])c2)S(C)(=O)=O)cc1,10448725,21
CCOc1cccc(CNC(=O)CN(c2cc([N+](=O)[O-])ccc2C)S(C)(=O)=O)c1,44845623,21
COc1ccccc1CNC(=O)[C@H](C)N(c1cccc([N+](=O)[O-])c1)S(C)(=O)=O,220405471,11
COc1ccc(CN(C)C(=O)CN(c2cccc([N+](=O)[O-])c2C)S(C)(=O)=O)cc1,220021970,2
COc1ccccc1[C@H](C)NC(=O)CN(c1cccc([N+](=O)[O-])c1)S(C)(=O)=O,224148209,21
CCOc1ccccc1CNC(=O)[C@H](C)N(c1cccc([N+](=O)[O-])c1)S(C)(=O)=O,220419686,11
CCOc1ccc(CNC(=O)CN(c2cc([N+](=O)[O-])ccc2C)S(C)(=O)=O)cc1,13649639,21
CC(C)Oc1cccc(CNC(=O)CN(c2cccc([N+](=O)[O-])c2)S(C)(=O)=O)c1,22347881,21
COc1ccccc1[C@@H](C)NC(=O)CN(c1cccc([N+](=O)[O-])c1)S(C)(=O)=O,224148155,21
CCOc1ccccc1CNC(=O)CN(c1cccc([N+](=O)[O-])c1)S(C)(=O)=O,20488829,21
COc1ccc(CNC(=O)[C@@H](C)N(c2cc([N+](=O)[O-])ccc2C)S(C)(=O)=O)cc1,220384201,11
COc1ccc([N+](=O)[O-])cc1N(CC(=O)N(C)Cc1ccc(C)cc1)S(C)(=O)=O,44839903,2
Cc1ccc(OCCNC(=O)[C@@H](C)N(c2cccc([N+](=O)[O-])c2)S(C)(=O)=O)cc1,220416910,11
COc1ccc([C@@H](C)NC(=O)CN(c2cccc([N+](=O)[O-])c2)S(C)(=O)=O)cc1,20489935,21
CCOc1ccccc1CNC(=O)CN(c1cc([N+](=O)[O-])ccc1C)S(C)(=O)=O,30859690,21
CCOc1ccc(CNC(=O)CN(c2cccc([N+](=O)[O-])c2C)S(C)(=O)=O)cc1,220034574,21
CCOc1ccc(CNC(=O)[C@H](C)N(c2cccc([N+](=O)[O-])c2)S(C)(=O)=O)cc1,220418601,11
COc1ccccc1CN(C)C(=O)CN(c1cccc([N+](=O)[O-])c1)S(C)(=O)=O,20452822,21
Cc1ccc(OCCNC(=O)CN(c2cc([N+](=O)[O-])ccc2C)S(C)(=O)=O)cc1,22374795,2
Cc1ccc(OC[C@@H](C)NC(=O)CN(c2cccc([N+](=O)[O-])c2)S(C)(=O)=O)cc1,22348137,21
COc1ccccc1CN(C)C(=O)CN(c1cc([N+](=O)[O-])ccc1C)S(C)(=O)=O,20460669,2
CCOc1ccc(CNC(=O)[C@@H](C)N(c2cccc([N+](=O)[O-])c2)S(C)(=O)=O)cc1,220418524,11
CC[C@H](C(=O)NCc1ccc(OC)cc1)N(c1cccc([N+](=O)[O-])c1)S(C)(=O)=O,222518632,11
COc1ccc(CN(C)C(=O)[C@@H](C)N(c2cccc([N+](=O)[O-])c2)S(C)(=O)=O)cc1,220398045,11
COc1ccc(CN(C)C(=O)[C@H](C)N(c2cccc([N+](=O)[O-])c2)S(C)(=O)=O)cc1,220398103,11
COc1ccc([N+](=O)[O-])cc1N(CC(=O)N[C@H](C)c1ccccc1)S(C)(=O)=O,6932255,2
COc1ccc(CNC(=O)[C@H](C)N(c2cc([N+](=O)[O-])ccc2C)S(C)(=O)=O)cc1,220384262,11
CC[C@@H](C(=O)NCc1ccc(OC)cc1)N(c1cccc([N+](=O)[O-])c1)S(C)(=O)=O,222518559,11
COc1ccc(CNC(=O)[C@H](C)N(c2cccc([N+](=O)[O-])c2)S(C)(=O)=O)cc1,220405624,11
COc1ccccc1CNC(=O)[C@@H](C)N(c1cccc([N+](=O)[O-])c1)S(C)(=O)=O,220405403,11
Cc1cc(C)cc(OCCNC(=O)CN(c2cccc([N+](=O)[O-])c2)S(C)(=O)=O)c1,224067948,21
Cc1ccc(OCCNC(=O)[C@H](C)N(c2cccc([N+](=O)[O-])c2)S(C)(=O)=O)cc1,220416971,11
Cc1ccccc1OC[C@@H](C)NC(=O)CN(c1cccc([N+](=O)[O-])c1)S(C)(=O)=O,22348128,21
Cc1ccc(OCCNC(=O)CN(c2cccc([N+](=O)[O-])c2)S(C)(=O)=O)c(C)c1,223776037,21
COc1ccc([N+](=O)[O-])cc1N(CC(=O)N[C@@H](C)c1ccccc1)S(C)(=O)=O,6929851,2
COc1ccc(CNC(=O)[C@@H](C)N(c2cccc([N+](=O)[O-])c2)S(C)(=O)=O)cc1,220405570,11
CC(C)Oc1ccc(CNC(=O)CN(c2cccc([N+](=O)[O-])c2)S(C)(=O)=O)cc1,20451223,21
CCOc1ccccc1CNC(=O)[C@@H](C)N(c1cccc([N+](=O)[O-])c1)S(C)(=O)=O,220419615,11
CCOc1cccc(CNC(=O)CN(c2cccc([N+](=O)[O-])c2C)S(C)(=O)=O)c1,220035140,21
COc1ccc([C@H](C)NC(=O)CN(c2cccc([N+](=O)[O-])c2)S(C)(=O)=O)cc1,20489937,21
CCOc1ccccc1CNC(=O)CN(c1cccc([N+](=O)[O-])c1C)S(C)(=O)=O,220035225,21
CCOc1cccc(CNC(=O)CN(c2cccc([N+](=O)[O-])c2)S(C)(=O)=O)c1,30752495,21
COc1ccc(CCCNC(=O)CN(c2cccc([N+](=O)[O-])c2)S(C)(=O)=O)cc1,22347929,21
COc1ccc(CN(C)C(=O)CN(c2cc([N+](=O)[O-])ccc2C)S(C)(=O)=O)cc1,10366064,2
CCOc1cccc(CNC(=O)[C@H](C)N(c2cccc([N+](=O)[O-])c2)S(C)(=O)=O)c1,220419530,11
CCc1ccc(OCCNC(=O)CN(c2cccc([N+](=O)[O-])c2)S(C)(=O)=O)cc1,223775946,21
Cc1ccc(OC[C@H](C)NC(=O)CN(c2cccc([N+](=O)[O-])c2)S(C)(=O)=O)cc1,22348133,21
Cc1ccccc1OC[C@H](C)NC(=O)CN(c1cccc([N+](=O)[O-])c1)S(C)(=O)=O,22348124,21
Cc1ccc(C)c(OCCNC(=O)CN(c2cccc([N+](=O)[O-])c2)S(C)(=O)=O)c1,223995643,21
CCOc1cccc(CNC(=O)[C@@H](C)N(c2cccc([N+](=O)[O-])c2)S(C)(=O)=O)c1,220419463,11
Cc1ccc(OCCNC(=O)CN(c2cccc([N+](=O)[O-])c2)S(C)(=O)=O)cc1C,223776199,21
COc1ccc(CN(C)C(=O)CN(c2cccc([N+](=O)[O-])c2)S(C)(=O)=O)cc1,7871824,21
COc1ccc([N+](=O)[O-])cc1N(CC(=O)N(C)Cc1ccccc1)S(C)(=O)=O,1111007,2
